,0,1,2,3,4,5,6,7,8,9,10,11,12,13,14,15,16,17,18,19,20,21,22,23,24,25,26,27,28,29,30,31,32,33,34,35,36,37,38,39,40,41,42,43,44,45,46,47,48,49,50,51,52,53,54,55,56,57,58,59,60,61,62,63
0,0.0,0.0,0.0,0.0,0.0,0.0,0.0,0.0,0.0,0.0,0.0,0.0,0.0,0.0,0.0,0.0,0.0,0.0,0.0,0.0,0.0,0.0,0.0,0.0,0.0,0.0,0.0,0.0,0.0,0.0,0.0,0.0,0.0,0.0,0.0,0.0,0.0,0.0,0.0,0.0,0.0,0.0,0.0,0.0,0.0,0.0,0.0,0.0,0.0,0.0,0.0,0.0,0.0,0.0,0.0,0.0,0.0,0.0,0.0,0.0,0.0,0.0,0.0,0.0
1,0.0,0.0,0.0,0.0,0.0,0.0,0.0,0.0,0.0,0.0,1.44263830112639e-07,1.860547396599273e-05,7.556361391383693e-06,1.1230184912221587e-08,0.0,0.0,0.0,0.0,0.0,0.0,0.0,0.0,0.0,0.0,0.0,0.0,0.0,0.0,0.0,0.0,0.0,0.0,0.0,0.0,0.0,0.0,0.0,0.0,0.0,0.0,0.0,0.0,0.0,0.0,0.0,0.0,0.0,0.0,0.0,0.0,0.0,0.0,0.0,0.0,0.0,0.0,0.0,0.0,0.0,0.0,0.0,0.0,0.0,0.0
2,0.0,0.0,0.0,0.0,0.0,0.0,0.0,0.0,0.0,0.0,3.8222074209412494e-05,0.004929650748127828,0.002030177205411884,1.4986765129717969e-05,1.9277349980214846e-08,0.0,0.0,0.0,0.0,0.0,0.0,0.0,0.0,0.0,0.0,0.0,0.0,0.0,0.0,0.0,0.0,0.0,0.0,0.0,0.0,0.0,0.0,0.0,0.0,0.0,0.0,0.0,0.0,0.0,0.0,0.0,0.0,0.0,0.0,0.0,0.0,0.0,0.0,0.0,0.0,0.0,0.0,0.0,0.0,0.0,0.0,0.0,0.0,0.0
3,0.0,0.0,0.0,0.0,0.0,0.0,0.0,0.0,0.0,0.0,8.859489324339521e-05,0.011466340325524625,0.010021547996219373,0.002302776472202054,3.684713312680782e-06,0.0,0.0,0.0,0.0,0.0,0.0,0.0,0.0,0.0,0.0,0.0,0.0,0.0,0.0,0.0,0.0,0.0,0.0,0.0,0.0,0.0,0.0,0.0,0.0,0.0,0.0,0.0,0.0,0.0,0.0,0.0,0.0,0.0,0.0,0.0,0.0,0.0,0.0,0.0,0.0,0.0,0.0,0.0,0.0,0.0,0.0,0.0,0.0,0.0
4,0.0,0.0,0.0,0.0,0.0,0.0,0.0,0.0,0.0,0.0,8.89718070316505e-05,0.01155904363786437,0.015914346877290445,0.00480860209133722,7.70632664513685e-06,0.0,0.0,0.0,0.0,0.0,0.0,0.0,0.0,0.0,0.0,0.0,0.0,0.0,0.0,0.0,0.0,0.0,0.0,0.0,0.0,0.0,0.0,0.0,0.0,0.0,0.0,0.0,0.0,0.0,0.0,0.0,0.0,0.0,0.0,0.0,0.0,0.0,0.0,0.0,0.0,0.0,0.0,0.0,0.0,0.0,0.0,0.0,0.0,0.0
5,0.0,0.0,0.0,0.0,0.0,0.0,0.0,0.0,0.0,0.0,8.89718070316505e-05,0.01155932889123574,0.015952341479238755,0.004824812854933147,7.732343693517636e-06,0.0,0.0,0.0,0.0,0.0,0.0,0.0,0.0,0.0,0.0,0.0,0.0,0.0,0.0,0.0,0.0,0.0,0.0,0.0,0.0,0.0,0.0,0.0,0.0,0.0,0.0,0.0,0.0,0.0,0.0,0.0,0.0,0.0,0.0,0.0,0.0,0.0,5.268070787405103e-09,1.6641090101757193e-06,1.7157333562477262e-06,6.151767557878889e-09,0.0,0.0,0.0,0.0,0.0,0.0,0.0,0.0
6,0.0,0.0,0.0,0.0,0.0,0.0,0.0,0.0,0.0,0.0,8.897180703165049e-05,0.01155932889123574,0.015952341479238758,0.004824812854933148,7.732343693517636e-06,0.0,0.0,0.0,0.0,0.0,0.0,0.0,0.0,0.0,0.0,0.0,0.0,0.0,0.0,0.0,0.0,0.0,0.0,0.0,0.0,0.0,0.0,0.0,0.0,0.0,0.0,0.0,0.0,0.0,0.0,0.0,0.0,0.0,0.0,0.0,0.0,0.0,6.516517539341462e-06,0.002058475671608765,0.002122334144702854,7.609636014138641e-06,0.0,0.0,0.0,0.0,0.0,0.0,0.0,0.0
7,0.0,0.0,0.0,0.0,0.0,0.0,0.0,0.0,0.0,0.0,8.89718070316505e-05,0.01155932889123574,0.015952341479238758,0.004824812854933147,7.732343693517636e-06,0.0,0.0,0.0,0.0,0.0,0.0,0.0,0.0,0.0,0.0,0.0,0.0,0.0,0.0,0.0,0.0,0.0,0.0,0.0,0.0,0.0,0.0,0.0,0.0,0.0,0.0,0.0,0.0,0.0,0.0,0.0,0.0,0.0,0.0,0.0,0.0,0.0,2.4126651623622627e-05,0.0076212678174769665,0.007857696419756654,2.8173796201314104e-05,0.0,0.0,0.0,0.0,0.0,0.0,0.0,0.0
8,4.573898082306975e-06,0.0008110241934874077,0.0005562428667951168,1.7684197262625148e-06,7.322916475256629e-08,6.90302646141981e-11,0.0,0.0,0.0,0.0,8.89718070316505e-05,0.011559328891235739,0.015952341479238758,0.004824812854933147,7.732343693517636e-06,0.0,0.0,0.0,0.0,0.0,0.0,0.0,0.0,0.0,0.0,0.0,0.0,0.0,0.0,0.0,0.0,3.493546805830018e-06,0.00016660021275216453,2.5471359991233333e-05,6.134050905496907e-09,0.0,0.0,0.0,0.0,0.0,0.0,0.0,2.1837640393055157e-06,0.00014786789458074218,3.868588691672897e-05,3.31238748896833e-08,0.0,0.0,0.0,0.0,0.0,0.0,2.440185086327258e-05,0.007708199362776222,0.007947324774070019,2.8495158958716504e-05,0.0,0.0,0.0,0.0,0.0,0.0,0.0,0.0
9,5.0173239470411215e-05,0.009213902356118239,0.008742338361863111,0.00228855480784688,0.0004341235798370169,4.092312904656204e-07,0.0,0.0,0.0,0.0,8.89718070316505e-05,0.011559328891235739,0.015952341479238758,0.004824812854933148,7.732343693517636e-06,0.0,0.0,0.0,0.0,0.0,0.0,0.0,0.0,0.0,0.0,0.0,0.0,0.0,0.0,0.0,0.0,0.00022704731737086876,0.010827429395155333,0.0016553961567499864,3.986549716137352e-07,0.0,0.0,0.0,0.0,0.0,0.0,0.0,0.00014192389409750308,0.009610006865747273,0.0025145159555311834,3.2012759473022684e-05,2.2738002558965414e-05,1.1804269329920866e-07,0.0,0.0,0.0,0.0,2.440185086327258e-05,0.007708199362776223,0.00794732477407002,2.8495158958716504e-05,0.0,0.0,0.0,0.0,0.0,0.0,0.0,0.0
10,5.515367058845162e-05,0.01237208586591268,0.028275995153530457,0.01855562385804669,0.00354021109950892,3.337218303867895e-06,0.0,0.0,0.0,0.0,8.89718070316505e-05,0.01155932889123574,0.015952341479238758,0.004824812854933147,7.732343693517636e-06,0.0,1.6819457722931406e-09,6.532752923450211e-07,8.992340239998496e-07,4.804659731930829e-09,0.0,0.0,0.0,0.0,0.0,0.0,0.0,0.0,0.0,0.0,3.2971504380310884e-08,0.00031116502454669006,0.014769423074413878,0.0022580518480604037,5.437874063882767e-07,0.0,0.0,0.0,0.0,0.0,1.5268025590229718e-07,2.4664987177477912e-05,0.00020861673520406127,0.013108614993457642,0.0035093357855625514,0.007914219549264138,0.00602433486275813,3.1274898078322876e-05,0.0,0.0,0.0,0.0,2.6657150747877505e-05,0.007748335891472048,0.00794962848162599,2.84951589587165e-05,0.0,0.0,0.0,7.592866492111387e-07,6.004537991056865e-05,2.1508754931304452e-05,3.497096513229563e-08,0.0
11,5.5266887169326984e-05,0.012532050559022598,0.029453605512021672,0.019555777501424735,0.0037311948760198037,3.5172512275549455e-06,0.0,0.0,0.0,0.0,8.897180703165049e-05,0.01155932889123574,0.015952341479238758,0.004824812854933147,7.732343693517636e-06,0.0,3.027401796362186e-06,0.001175856455150718,0.0016185674618365007,8.648100160521313e-06,0.0,0.0,0.0,0.0,0.0,0.0,0.0,0.0,0.0,0.0,5.9346735925752484e-05,0.002937575959006416,0.015152511914177108,0.0022585970498766495,5.439048290033421e-07,0.0,0.0,0.0,0.0,0.0,2.918362596955004e-05,0.0047145176439308874,0.0030654871571391762,0.013118041561058101,0.003615255173613307,0.01834048929689512,0.01396379749315348,7.249204324355455e-05,0.0,0.0,0.0,0.0,0.0004554846250734338,0.015379980067182764,0.008387660292630463,2.8495158958716508e-05,0.0,0.0,0.0,0.00014513165073832851,0.011477200494286074,0.004111228758927302,6.68442399564865e-06,0.0
12,5.5266887169326984e-05,0.012532050559022598,0.029453605512021676,0.01955577750142473,0.0037311948760198037,3.5172512275549455e-06,0.0,0.0,0.0,0.0,8.89718070316505e-05,0.01155932889123574,0.015952341479238758,0.004824812854933148,7.732343693517636e-06,0.0,1.6536096132813728e-05,0.006422694009142233,0.008840844046050986,4.723714433691034e-05,0.0,0.0,0.0,0.0,0.0,0.0,0.0,0.0,0.0,0.0,0.00032416025240395504,0.014663208489004277,0.0168486201288109,0.0022588542562365097,5.439048290033421e-07,0.0,0.0,0.0,0.0,0.0,6.103556378100638e-05,0.009860092185017141,0.006199919235163482,0.013125278473071898,0.003616042172503168,0.01841850368370769,0.014023204391439533,7.280044985297648e-05,0.0,0.0,0.0,0.0,0.0009259820790244528,0.02375320559285433,0.008868256486125981,2.8495158958716504e-05,0.0,0.0,0.0,0.000303532951475069,0.024003782241703277,0.008598354618292964,1.3980016998278204e-05,0.0
13,5.5266887169326984e-05,0.012532050559022598,0.029453605512021676,0.019555777501424735,0.003731194876019804,3.517251227554946e-06,0.0,0.0,1.8055425536375755e-06,7.619465756913205e-05,9.96425743165744e-05,0.01155932981731577,0.015952341479238755,0.004824812854933147,7.732343693517636e-06,0.0,1.713980343358596e-05,0.0066571766362872814,0.009163609591964725,4.896169943593614e-05,0.0,0.0,0.0,0.0,0.0,0.0,0.0,0.0,3.820274084123256e-07,0.00026245735078913,0.0016816407747754043,0.015297557656969865,0.016924425243899408,0.002258865750860149,5.439048290033421e-07,0.0,0.0,0.0,0.0,0.0,6.124162372226792e-05,0.009893380482701549,0.006220196836284932,0.013125325290872222,0.003616042172503168,0.01841850368370769,0.014023204391439533,7.280044985297648e-05,0.0,0.0,0.0,0.0,0.0009290258711572496,0.02380737455331766,0.008871365610097916,2.84951589587165e-05,0.0,0.0,0.0,0.0003045576980044252,0.024084820535648206,0.008627383209786742,1.4027214423894457e-05,0.0
14,5.5266887169326984e-05,0.012532050559022598,0.029453605512021672,0.019555777501424735,0.0037311948760198033,3.5172512275549455e-06,0.0,0.0,0.0002182144057342998,0.00920873999235251,0.0013786202493336524,0.01155944081548988,0.015952341479238758,0.004824812854933148,7.732343693517636e-06,0.0,1.7139803433585964e-05,0.0066571766362872814,0.009163609591964727,4.896169943593614e-05,8.232763233385722e-07,0.0003565752508848719,0.0005853642660813825,3.6234993879491916e-06,0.0,0.0,0.0,0.0,6.595175913068158e-06,0.004530963904725701,0.023566714544383523,0.017091880447799458,0.01692451580019879,0.002258865750860149,5.439048290033421e-07,0.0,0.0,0.0,0.0,0.0,6.124162372226792e-05,0.009893380482701549,0.006220196836284933,0.013125325290872224,0.003616042172503168,0.01841850368370769,0.014023204391439531,7.280044985297649e-05,0.0,0.0,0.0,0.0,0.0009290258711572494,0.023807374553317665,0.008871365610097916,2.8495158958716504e-05,0.0,0.0,0.0,0.0003045576980044252,0.024084820535648206,0.008627383209786742,1.4027214423894455e-05,0.0
15,5.5266887169326984e-05,0.012532050559022598,0.029453605512021676,0.01955577750142473,0.003731194876019804,3.517251227554946e-06,0.0,0.0,0.0003532117146884904,0.01490568338911478,0.002176455152221406,0.011559510056899789,0.015952341479238758,0.004824812854933147,7.732343693517636e-06,0.0,1.713980343358596e-05,0.006657176636287282,0.009163609591964727,4.896169943593614e-05,1.271483381559453e-05,0.005507014995122786,0.009040475419759376,5.5962003573538055e-05,0.0,0.0,8.325496527326234e-06,0.000170006516739318,0.0001819866302684292,0.005240109601786706,0.026626906422456728,0.01734262239619797,0.016924528454701684,0.002393927758390297,0.0010074870591505907,2.6083336870007513e-05,0.0,0.0,0.0,0.0,6.124162372226792e-05,0.009893380482701549,0.006220196836284933,0.013125325290872222,0.003616042172503168,0.01841850368370769,0.014023204391439534,7.280044985297649e-05,0.0,0.0,0.0,0.0,0.0009290258711572495,0.023807374553317665,0.008871365610097914,2.8495158958716504e-05,0.0,0.0,0.0,0.00030455769800442526,0.024084820535648206,0.008627383209786742,1.4027214423894455e-05,0.0
16,5.526688716932699e-05,0.012532050559022598,0.029453605512021676,0.019555777501424735,0.003731194876019804,3.517251227554946e-06,0.0,0.0,0.0003534767626223132,0.014916868523752761,0.0021780215870946668,0.011559510192845407,0.015952341479238758,0.004824812854933147,7.732343693517636e-06,0.0,1.7139803433585964e-05,0.006657176636287282,0.009163609591964725,4.896169943593613e-05,1.3914388665562534e-05,0.006026563000393918,0.009893380482701549,6.124162372226792e-05,0.0,0.0,0.0008540459300716852,0.017439605341293414,0.017910401026260916,0.016684109637279135,0.026823642635598857,0.017342664699178306,0.01692452845683664,0.004135186260457343,0.013989289718712756,0.00036235726702791383,0.0,0.0,0.0,0.0,6.124162372226792e-05,0.009893380482701549,0.006220196836284932,0.013125325290872222,0.003616042172503168,0.01841850368370769,0.014023204391439534,7.280044985297649e-05,0.0,0.0,0.0,0.0,0.0009290258711572496,0.023807374553317665,0.008871365610097914,2.8495158958716504e-05,0.0,0.0,0.0,0.00030455769800442526,0.024084820535648206,0.008627383209786742,1.4027214423894457e-05,0.0
17,5.526688716932699e-05,0.012532050559022597,0.029453605512021672,0.01955577750142473,0.0037311948760198037,3.5172512275549455e-06,0.0,0.0,0.0003534767626223132,0.014916868523752761,0.0021780215870946668,0.011559510192845408,0.015952341479238758,0.004824812854933148,7.732343693517636e-06,0.0,1.7139803433585964e-05,0.0066571766362872814,0.009163609591964727,4.896169943593614e-05,1.3914388665562536e-05,0.006026563000393918,0.00989338048270155,6.124162372226792e-05,0.0,0.0,0.0012148778260552876,0.024807787354614957,0.025474339501324758,0.021566720668735304,0.02690736122881972,0.017342664699178306,0.01692452845683664,0.004270248267987491,0.014996232873034343,0.00038844060389792135,0.0,0.0,0.0,0.0,6.12416237222679e-05,0.00989338048270155,0.006220196836284932,0.013125325290872224,0.003616042172503168,0.01841850368370769,0.014023204391439533,7.280044985297648e-05,0.0,0.0,0.0,1.617502735980121e-09,0.0009294902177794549,0.02380783173862633,0.008871367107096547,2.8495158958716504e-05,0.0,0.0,0.0,0.0003045576980044252,0.024084820535648206,0.00862738320978674,1.4027214423894457e-05,0.0
18,5.5266887169326984e-05,0.012532050559022598,0.029453605512021672,0.019555777501424735,0.003731194876019804,3.517251227554946e-06,0.0,0.0,0.0003534767626223132,0.014916868523752761,0.0021780215870946668,0.011559510192845408,0.015952341479238758,0.004824812854933147,7.732343693517636e-06,0.0,1.7139803433585964e-05,0.006657176636287282,0.009163609591964727,4.896169943593614e-05,1.3914388665562536e-05,0.006026563000393918,0.00989338048270155,6.124162372226792e-05,0.0,0.0,0.0012151878697661649,0.02481411844263477,0.02548083879248986,0.021570916037436938,0.026907433163766717,0.017342664699178306,0.01692452845683664,0.004270248267987491,0.014996232873034343,0.00038844060389792135,0.0,0.0,0.0,0.0,6.124162372226792e-05,0.00989338048270155,0.006220196836284931,0.013125325290872222,0.0036160421725031683,0.01841850368370769,0.014023204391439533,7.280044985297648e-05,0.0,0.0,0.0,4.02434383531145e-06,0.0020843194140692687,0.02494485076129372,0.008875090139941227,2.84951589587165e-05,0.0,0.0,0.0,0.0003045576980044252,0.024084820535648203,0.008627383209786742,1.4027214423894459e-05,0.0
19,5.5266887169326984e-05,0.012532050559022598,0.029453605512021672,0.019555777501424735,0.0037311948760198037,3.5172512275549455e-06,0.0,0.0,0.00035347676262231326,0.01491686852375276,0.0021780215870946668,0.011559510192845408,0.015952341479238758,0.004824812854933147,7.732343693517636e-06,0.0,1.713980343358596e-05,0.0066571766362872814,0.009163609591964727,4.896169943593613e-05,1.3914388665562536e-05,0.006026563000393917,0.00989338048270155,6.124162372226792e-05,0.0,0.0,0.0012151878697661649,0.02481411844263477,0.025480838792489864,0.021570916037436935,0.026907433163766713,0.017342664699178306,0.01692452845683664,0.004270248267987491,0.014996232873034343,0.00038844060389792135,0.0,0.0,0.0,0.0,6.124162372226792e-05,0.00989338048270155,0.006220196836284931,0.013125325290872222,0.003616042172503168,0.018418503683707687,0.014023204391439533,7.280044985297649e-05,0.0,0.0,5.096355672872178e-08,2.8339679951653773e-05,0.008475088395706622,0.031236781785834083,0.008895692315784619,2.8495158958716508e-05,0.0,0.0,0.0,0.00030455769800442526,0.024084820535648206,0.008627383209786742,1.4027214423894457e-05,0.0
20,5.5266887169326984e-05,0.012532050559022598,0.029453605512021676,0.01955577750142473,0.0037312528400334517,0.00011796994025151534,0.0006143079173360421,1.1474535728699782e-05,0.0003534767626223132,0.014916868523752761,0.0021780215870946668,0.011559510192845408,0.015952341479238758,0.004824812854933148,7.732343693517636e-06,0.0,1.713980343358596e-05,0.0066571766362872814,0.009163609591964727,4.896169943593613e-05,1.3914388665562536e-05,0.006026563000393918,0.009893380482701549,6.124162372226792e-05,0.0,0.0,0.0012151878697661649,0.02481411844263477,0.02548083879248986,0.021570916037436938,0.026907433163766713,0.017342664699178303,0.01692452845683664,0.004270248267987491,0.014996232873034344,0.00038844060389792135,0.0,0.0,0.0,0.0,6.124162372226792e-05,0.009893380482701549,0.006220196836284931,0.013125325290872224,0.003616042172503168,0.01841850368370769,0.014023204391439533,7.280044985297648e-05,0.0,0.0,7.670311918960838e-05,0.0031199812758543077,0.0092394595545554,0.03157226410224949,0.00889679078798505,2.8495158958716504e-05,0.0,0.0,0.0,0.0003045576980044252,0.024084820535648206,0.008627383209786742,1.4027214423894457e-05,0.0
21,5.5266887169326984e-05,0.012532050559022598,0.029453605512021676,0.019555777501424735,0.0037323718903208123,0.0022672429478721215,0.012136685173227992,0.00022668375086031095,0.0003534767626223132,0.01491686852375276,0.0021780215870946663,0.011559510192845408,0.015952341479238755,0.004824812854933147,7.732343693517636e-06,0.0,1.713980343358596e-05,0.0066571766362872814,0.009163609591964725,4.896169943593614e-05,1.3914388665562536e-05,0.006026563000393918,0.009893380482701549,6.124162372226792e-05,0.0,0.0,0.0012151878697661649,0.024814118442634765,0.02548083879248986,0.021570916037436938,0.026907433163766717,0.017342664699178306,0.01692452845683664,0.004270248267987491,0.014996232873034341,0.00038844060389792135,0.0,0.0,0.0,0.0,6.124162372226792e-05,0.009893380482701549,0.006220196836284932,0.013125325290872222,0.003616042172503168,0.01841850368370769,0.014023204391439533,7.280044985297648e-05,0.0,0.0,0.00036085341398009056,0.014576327242174707,0.010809902704416993,0.031572291877259566,0.008896790787985049,2.84951589587165e-05,0.0,0.0,0.0,0.0003045576980044252,0.024084820535648206,0.008627383209786742,1.4027214423894457e-05,0.0
22,5.5266887169326984e-05,0.012532050559022598,0.029453605512021672,0.019555777501424735,0.003772018241874283,0.005965700820083714,0.015266703987175778,0.0002666288255240855,0.0003534767626223132,0.014916868523752761,0.0021780215870946663,0.011559510192845408,0.015952341479238758,0.004824812854933148,7.732343693517636e-06,0.0,1.7139803433585964e-05,0.0066571766362872814,0.009163609591964727,4.896169943593614e-05,1.3914388665562536e-05,0.006026563000393917,0.00989338048270155,6.124162372226792e-05,0.0,0.0,0.0012151878697661649,0.024814118442634772,0.025480838792489857,0.021570916037436938,0.026907433163766717,0.017342664699178306,0.01692452845683664,0.004270248267987491,0.014996232873034341,0.00038844060389792135,0.0,0.0,0.0,0.0,6.124162372226792e-05,0.009893380482701549,0.006220196836284933,0.013125325290872224,0.003616042172503168,0.01841850368370769,0.014023204391439531,7.280044985297649e-05,0.0,0.0,0.00037095868326011733,0.014983750577913905,0.010865752552927713,0.031572292865025414,0.008896790787985049,2.8495158958716504e-05,0.0,0.0,0.0,0.0003045576980044252,0.024084820535648206,0.008627383209786742,1.4027214423894455e-05,0.0
23,5.5266887169326984e-05,0.012532050559022598,0.029453605512021676,0.01955577750142473,0.0038787133486185886,0.014919460526318772,0.018101811122250167,0.00026949678171933746,0.0003534767626223132,0.014916868523752761,0.0021780215870946668,0.011559510192845408,0.015952341479238758,0.004824812854933147,7.732343693517636e-06,1.7075628088026992e-06,0.00011283102663346863,0.006676542586836113,0.00916362126802241,4.896169943593614e-05,1.3914388665562536e-05,0.006026563000393918,0.009893380482701549,6.124162372226792e-05,0.0,0.0,0.0012151878697661649,0.024814118442634765,0.02548083879248986,0.021570916037436938,0.026907433163766713,0.017342664699178306,0.01692452845683664,0.004270248267987491,0.014996232873034344,0.00038844060389792135,0.0,0.0,0.0,0.0,6.124162372226792e-05,0.009893380482701549,0.006220196836284933,0.013125325290872222,0.003616042172503168,0.01841850368370769,0.014023204391439534,7.280044985297649e-05,0.0,0.0,0.00037095868326011733,0.014983750577913907,0.010865752552927715,0.03157229286502541,0.008896790787985049,2.8495158958716504e-05,0.0,0.0,0.0,0.00030455769800442526,0.024084820535648206,0.008627383209786742,1.4027214423894455e-05,0.0
24,5.526688716932699e-05,0.012532050559022598,0.029453605512021676,0.019555777501424735,0.003880380706196389,0.015059381376826789,0.018146103172104987,0.00026954135582258406,0.0003534767626223132,0.014916868523752761,0.0021780215870946668,0.011559510192845407,0.015952341479238758,0.004824812854933147,7.732343693517636e-06,0.00017571205681396736,0.009845155565215896,0.008644714599085395,0.00916480734509708,4.896169943593613e-05,1.3914388665562534e-05,0.006026563000393918,0.009893380482701549,6.124162372226792e-05,0.0,0.0,0.0012151878697661649,0.024814118442634765,0.02548083879248986,0.021570916037436935,0.026907433163766717,0.017342664699178306,0.01692452845683664,0.004270248267987491,0.014996232873034344,0.00038844060389792135,0.0,0.0,0.0,0.0,6.124162372226792e-05,0.009893380482701549,0.006220196836284932,0.013126408986579869,0.004112938097268121,0.019297622624731676,0.01402892511501152,7.633684528714626e-05,0.0009681251249668047,0.0018448186164445489,0.00039582314976080744,0.014983750577913907,0.010865752552927717,0.03157229286502541,0.008896790787985049,2.8495158958716504e-05,0.0,0.0,0.0,0.00030455769800442526,0.024084820535648206,0.008627383209786742,1.4027214423894457e-05,0.0
25,5.526688716932699e-05,0.012532050559022597,0.029453605512021672,0.01955577750142473,0.0038803807061963884,0.01505938137682679,0.018146103172104983,0.000269541355822584,0.0003534767626223132,0.014916868523752761,0.0021780215870946668,0.011559510192845408,0.015952341479238758,0.004824812854933148,7.732343693517636e-06,0.0005282623865289587,0.02001301491460677,0.009963013311215374,0.009165313392276102,4.896169943593614e-05,1.3914388665562536e-05,0.006026563000393918,0.00989338048270155,6.124162372226792e-05,0.0,0.0,0.0012151878697661644,0.02481411844263477,0.025480838792489857,0.021570916037436938,0.026907433163766717,0.017342664699178306,0.01692452845683664,0.004270248267987491,0.015001473934752707,0.0006642234292851656,4.965264083035362e-05,2.3045592442484184e-08,0.0,0.0,6.12416237222679e-05,0.00989338048270155,0.006220196836284932,0.013137151996632245,0.009038820775469716,0.028012600043227136,0.014085636413586464,0.00011139422479914022,0.010565448318272453,0.020133074998234447,0.0006423122810540669,0.014983750577913905,0.010865752552927715,0.031572292865025414,0.00889679078798505,2.8495158958716504e-05,0.0,0.0,0.0,0.0003045576980044252,0.024084820535648206,0.00862738320978674,1.4027214423894457e-05,0.0
26,5.5266887169326984e-05,0.012532050559022598,0.029453605512021672,0.019555777501424735,0.0038803807061963884,0.015059381376826789,0.018146103172104987,0.00026954135582258406,0.0003534767626223132,0.014916868523752761,0.0021780215870946668,0.011559510192845408,0.015952341479238758,0.004824812854933147,7.732343693517636e-06,0.0009748481708262789,0.029667877887807625,0.010731547732542009,0.009165313827095603,4.896169943593614e-05,1.3914388665562536e-05,0.006026563000393918,0.00989338048270155,6.124162372226792e-05,0.0,0.0,0.0012151878697661649,0.02481411844263477,0.02548083879248986,0.021570916037436938,0.026907433163766717,0.017342664699178306,0.01692452845683664,0.004270248267987491,0.015203892812195106,0.01131543361007107,0.0019673235935902342,9.131062715328496e-07,0.0,0.0,6.124162372226792e-05,0.00989338048270155,0.006220196836284931,0.013137895756717775,0.00937984949127485,0.028615955370882917,0.014089562650281103,0.00011382131734183825,0.011229890209725459,0.021399207587180696,0.0006593772169034024,0.014983750577913908,0.010865752552927715,0.031572292865025414,0.008896790787985049,2.84951589587165e-05,0.0,0.0,0.0,0.0003045576980044252,0.024084820535648203,0.008627383209786742,1.4027214423894459e-05,0.0
27,5.5266887169326984e-05,0.012532050559022598,0.029453605512021672,0.019555777501424735,0.003880380706196389,0.01505938137682679,0.018146103172104983,0.00026954135582258406,0.00035347676262231326,0.01491686852375276,0.0021780215870946668,0.011559510192845408,0.015952341479238758,0.004824812854933147,7.732343693517636e-06,0.0009785735950576515,0.02974840061465103,0.010737953752315507,0.009165313827095605,4.896169943593613e-05,1.3914388665562536e-05,0.006026563000393917,0.00989338048270155,6.124162372226792e-05,0.0,0.0,0.0012151878697661649,0.02481411844263477,0.025480838792489864,0.021570916037436935,0.026907433163766713,0.017342664699178306,0.01692452845683664,0.004270248267987491,0.01526831516261443,0.01470531504468041,0.0025776464630212713,1.1963792631002349e-06,0.0,0.0,6.124162372226792e-05,0.00989338048270155,0.006220196836284931,0.013137895756717775,0.00937984949127485,0.028615955370882917,0.014089562650281105,0.00011382131734183827,0.011229890209725459,0.021399207587180693,0.0006593772169034024,0.014983750577913905,0.010865752552927713,0.031572292865025414,0.008896790787985049,2.8495158958716508e-05,0.0,0.0,0.0,0.00030455769800442526,0.024084820535648206,0.008627383209786742,1.4027214423894457e-05,0.0
28,8.081252685752553e-05,0.01257421979630657,0.029453869286797572,0.01955577750142473,0.0038803807061963884,0.01505938137682679,0.018146103172104983,0.000269541355822584,0.0003534767626223132,0.014916868523752761,0.0021780215870946668,0.011559510192845408,0.015952341479238758,0.004824812854933148,7.732343693517636e-06,0.0009785735950576515,0.02974840061465103,0.010737953752315508,0.009165313827095605,4.896169943593613e-05,1.3914388665562536e-05,0.006026563000393918,0.009893380482701549,6.124162372226792e-05,0.0,0.0,0.0012151878697661649,0.02481411844263477,0.02548083879248986,0.021570916037436938,0.026907433163766713,0.017342664699178303,0.01692452845683664,0.004270248267987491,0.01526836323056988,0.0147078443636003,0.00257810184802829,1.1965906238073525e-06,0.0,0.0,6.124162372226792e-05,0.009893380482701549,0.006220196836284931,0.013137895756717775,0.00937984949127485,0.028615955370882917,0.014089562650281103,0.00011382131734183827,0.011229890209725459,0.021399207587180696,0.0006593772169034024,0.014983750577913905,0.010865752552927713,0.031572292865025414,0.00889679078798505,2.8495158958716504e-05,0.0,0.0,0.0,0.0003045576980044252,0.024084820535648206,0.008627383209786742,2.358260482817179e-05,0.0008400783698006778
29,0.0034948714581520424,0.018209947181975692,0.029489121589754384,0.019555777501424735,0.003880380706196388,0.01505938137682679,0.018146103172104983,0.00026954135582258406,0.0003534767626223132,0.01491686852375276,0.0021780215870946663,0.011559510192845408,0.015952341479238755,0.004824812854933147,7.732343693517636e-06,0.0009785735950576515,0.029748400614651033,0.010737953752315508,0.009165313827095603,4.896169943593614e-05,1.3914388665562536e-05,0.006026563000393918,0.009893380482701549,6.124162372226792e-05,0.0,0.0,0.0012151878697661649,0.024814118442634765,0.02548083879248986,0.021570916037436938,0.026907433163766717,0.017342664699178306,0.01692452845683664,0.004270248267987491,0.01526836323056988,0.0147078443636003,0.0025781018480282897,1.1965906238073527e-06,0.0,0.0,6.124162372226792e-05,0.009893380482701549,0.006220196836284932,0.013137895756717775,0.00937984949127485,0.028615955370882917,0.014089562650281105,0.00011382131734183825,0.011229890209725459,0.021399207587180696,0.0006593772169034024,0.014983750577913907,0.010865752552927715,0.031572292865025414,0.008896790787985049,2.84951589587165e-05,0.0,0.0,0.0,0.0003045576980044252,0.024084820535648206,0.008627383209786742,0.00020279682006650097,0.016596000358621785
30,0.0060756261409877724,0.02247010499836005,0.02951576950291798,0.019555777501424735,0.003880380706196389,0.015059381376826792,0.018146103172104987,0.00026954135582258406,0.0003534767626223132,0.014916868523752761,0.0021780215870946663,0.011559510192845408,0.015952341479238758,0.004824812854933148,7.732343693517636e-06,0.0009785735950576515,0.029748400614651026,0.010737953752315507,0.009165313827095605,4.896169943593614e-05,1.3914388665562536e-05,0.006026563000393917,0.00989338048270155,6.226257080140155e-05,7.629389770526616e-05,2.1997768598942032e-05,0.0012152084677975227,0.024814118442634772,0.025480838792489857,0.021570916037436938,0.026907433163766717,0.017342664699178306,0.01692452845683664,0.004270248267987491,0.01526836323056988,0.0147078443636003,0.0025781018480282897,1.1965906238073525e-06,0.0,0.0,6.124162372226792e-05,0.009893380482701549,0.006254557736251688,0.014050799407492712,0.00947358301648908,0.028615955370882917,0.014089562650281105,0.00011382131734183825,0.011229890209725459,0.021399207587180693,0.0006593772169034024,0.014983750577913905,0.010865752552927713,0.031572292865025414,0.008896790787985049,2.8495158958716504e-05,0.0,0.0,0.0,0.0003045576980044252,0.024084820535648206,0.008627383209786742,0.0002351827396236226,0.019443263458815356
31,0.00608540373984176,0.02248624528261888,0.029515870462767803,0.01955577750142473,0.003880380706196389,0.015059381376826792,0.018146103172104983,0.00026954135582258406,0.0003534767626223132,0.014916868523752761,0.0021780215870946668,0.011559510192845408,0.015952341479238758,0.004824812854933147,7.732343693517636e-06,0.0009785735950576515,0.029748400614651026,0.010737953752315507,0.009165313827095605,4.896169943593614e-05,1.3914388665562536e-05,0.006026563000393918,0.009893380482701549,0.0001746588201083887,0.008475502948148514,0.00244373610761471,0.0012174761088095515,0.024814118442634765,0.02548083879248986,0.021570916037436938,0.026907433163766713,0.017342664699178306,0.01692452845683664,0.004270248267987491,0.01526836323056988,0.014707844363600299,0.00257810184802829,1.1965906238073527e-06,0.0,0.0,6.124162372226792e-05,0.009893380482701549,0.0067508730144359985,0.027236950812962027,0.01082748761988727,0.02861595537088292,0.014089562650281105,0.00011382131734183825,0.011229890209725459,0.021399207587180696,0.0006593814401583092,0.014999467550869474,0.010966616402409474,0.03157435528896279,0.008896790787985049,2.8495158958716504e-05,0.0,0.0,0.0,0.00030455769800442526,0.024084820535648206,0.008627383209786742,0.00023519576171589536,0.019444408318165428
32,0.00608540373984176,0.02248624528261888,0.029515870462767803,0.019555777501424735,0.003880380706196389,0.015059381376826789,0.018146103172104987,0.00026954135582258406,0.0003534767626223132,0.014916868523752761,0.0021780215870946668,0.011559510192845407,0.015952341479238758,0.004824812854933147,7.732343693517636e-06,0.0009785735950576515,0.029748400614651026,0.010737953752315508,0.009165313827095603,4.896169943593613e-05,1.3914388665562534e-05,0.006026563000393918,0.009893380482701549,0.00023193037643716284,0.01275532346898956,0.003677733901595112,0.0012186315862454497,0.024814118442634765,0.02548083879248986,0.021570916037436935,0.026907433163766717,0.017342664699178306,0.01692452845683664,0.004270248267987491,0.01526836323056988,0.014707844363600299,0.00257810184802829,1.1965906238073527e-06,0.0,0.0,6.124162372226792e-05,0.009893380482701549,0.006800938567198697,0.028567097169412296,0.010964062062255978,0.02861595537088292,0.014089562650281105,0.00011382131734183825,0.01122989020972546,0.021399207587180696,0.0006598104467597857,0.016596028805607822,0.021212566086333387,0.03178386039904821,0.008896790787985049,2.8495158958716504e-05,0.0,0.0,0.0,0.00030455769800442526,0.024084820535648206,0.008627383209786742,0.00023519576171589536,0.019444408318165424
33,0.00608540373984176,0.02248624528261888,0.0295158704627678,0.01955577750142473,0.0038803807061963884,0.01505938137682679,0.018146103172104983,0.000269541355822584,0.00035347713876352816,0.014917136723455252,0.002178704353779913,0.011559515816527022,0.015952341479238758,0.004824812854933148,7.732343693517636e-06,0.0009785735950576515,0.029748400614651026,0.010737953752315508,0.009165313827095603,4.896169943593614e-05,1.3914388665562536e-05,0.006026563000393918,0.00989338048270155,0.0002319806408002962,0.01275907965210374,0.0036788169193651596,0.0012186326003498526,0.02481411844263477,0.025480838792489857,0.021570916037436938,0.026907433163766717,0.017342664699178306,0.01692452845683664,0.004270248267987491,0.01526836323056988,0.0147078443636003,0.00257810184802829,1.1965906238073525e-06,0.0,0.0,6.12416237222679e-05,0.00989338048270155,0.006800938567198698,0.0285670971694123,0.010964062062255978,0.028615955370882913,0.014089562650281105,0.00011382131734183825,0.011229890209725459,0.021399207587180696,0.0006599934851011338,0.01727721161939753,0.025584064401809464,0.03187324706051689,0.00889679078798505,2.8495158958716504e-05,0.0,0.0,0.0,0.0003045576980044252,0.024084820535648206,0.00862738320978674,0.00023519576171589538,0.019444408318165424
34,0.006597431904153601,0.02250308979811165,0.0295158704627678,0.019555777501424735,0.0038803807061963884,0.015059381376826789,0.018146103172104987,0.00026954135582258406,0.0003544126012740872,0.015584148890786739,0.003876743845553492,0.01157350190237065,0.015952341479238758,0.004824812854933147,7.732343693517636e-06,0.0009785735950576515,0.029748400614651033,0.010737953752315507,0.009165313827095603,4.896169943593614e-05,1.3914388665562536e-05,0.006026563000393918,0.00989338048270155,0.0002319806408002962,0.012759079652103742,0.0036788169193651596,0.0012186326003498526,0.02481411844263477,0.02548083879248986,0.021570916037436938,0.026907433163766717,0.017342664699178306,0.01692452845683664,0.004270248267987491,0.01526836323056988,0.014707844363600299,0.0025781018480282897,1.1965906238073527e-06,0.0,0.0,6.124162372226792e-05,0.00989338048270155,0.006800938567198697,0.0285670971694123,0.01096406206225598,0.028615955370882917,0.014089562650281103,0.00011382131734183825,0.011229890209725459,0.021399207587180696,0.0006599936423762727,0.01727779692366171,0.025587820598461996,0.03187332386573431,0.008896790787985049,2.84951589587165e-05,0.0,0.0,0.0,0.0003045576980044252,0.024084820535648203,0.008627383209786742,0.00023519576171589533,0.019444408318165424
35,0.021592377374576772,0.023031857180072682,0.0295158704627678,0.019555777501424735,0.003880380706196389,0.01505938137682679,0.018146103172104983,0.00026954135582258406,0.00035958917745309654,0.019275199315088917,0.013273198203601063,0.011650896814511431,0.015952341479238758,0.004824812854933147,7.732343693517636e-06,0.0009785735950576515,0.02974840061465103,0.010737953752315507,0.009165313827095605,4.896169943593613e-05,1.3914388665562536e-05,0.006026563000393917,0.00989338048270155,0.00023198064080029614,0.012804620990827742,0.004232683442183608,0.0012437059769428336,0.02481411844263477,0.025480838792489864,0.021570916037436935,0.026907433163766713,0.017342664699178306,0.01692452845683664,0.004270248267987491,0.01526836323056988,0.014707844363600299,0.0025781018480282897,1.1965906238073525e-06,0.0,0.0,6.124162372226792e-05,0.00989338048270155,0.006800938567198698,0.028567097169412296,0.01096406206225598,0.028615955370882917,0.014089562650281105,0.00011382131734183827,0.011229890209725459,0.021399207587180693,0.0006599936423762728,0.017277796923661715,0.025587820598461996,0.03187332386573431,0.008896790787985049,2.8495158958716508e-05,0.0,0.0,0.0,0.00030455769800442526,0.024084820535648206,0.008627383209786742,0.00023519576171589536,0.019444408318165424
36,0.03883969594749279,0.024392918941694847,0.0295158704627678,0.01955577750142473,0.0038803807061963884,0.01505938137682679,0.018146103172104983,0.000269541355822584,0.0003598651834958211,0.019471999707062163,0.013774200814848805,0.011655023376680767,0.015952341479238758,0.004824812854933148,7.732343693517636e-06,0.0009785735950576515,0.02974840061465103,0.010737953752315508,0.009165313827095605,4.896169943593613e-05,1.3914388665562536e-05,0.006026563000393918,0.009893432596662685,0.00025617539726575423,0.013867121912899951,0.016626414442191623,0.0018047536567440514,0.02481411844263477,0.02548083879248986,0.021570916037436938,0.026907433163766713,0.017342664699178303,0.01692452845683664,0.004270248267987491,0.015302517150627479,0.015395205959825234,0.0026725135325263638,2.606783299907691e-05,1.2437422595508332e-07,0.0,6.124162372226792e-05,0.009893380482701549,0.006800938567198697,0.028567097169412296,0.010964062062255978,0.028615955370882917,0.014089562650281103,0.00011382131734183827,0.011229890209725459,0.021399207587180696,0.0006599936423762727,0.017277796923661715,0.025587820598461996,0.03187332386573431,0.00889679078798505,2.8495158958716504e-05,0.0,0.0,0.0,0.0003045576980044252,0.024084820535648206,0.008627383209786742,0.0002354721606202019,0.019447403257468292
37,0.041835454177403225,0.024669240058609786,0.0295158704627678,0.019555777501424735,0.003880380706196388,0.01505938137682679,0.018146103172104983,0.00026954135582258406,0.0003598651834958211,0.019471999707062163,0.013774200814848805,0.011655023376680767,0.015952341479238755,0.004824812854933147,7.732343693517636e-06,0.0009785735950576515,0.029748400614651033,0.010737953752315508,0.009165313827095603,8.09244247746821e-05,0.0008087117754457719,0.006102682695305582,0.009900397391305878,0.0034896949101692874,0.019903252677272845,0.019440486529531443,0.0019304188809042618,0.024814118442634765,0.02548083879248986,0.021570916037436938,0.026907433163766717,0.017342664699178306,0.01692452845683664,0.004270248267987491,0.015943084173163317,0.02832415707196556,0.010131157871629565,0.0065837777798378235,0.00011629994838166686,0.0,6.124162372226792e-05,0.009893380482701549,0.006800938567198697,0.028567097169412303,0.010964062062255978,0.028615955370882917,0.014089562650281105,0.00011382131734183825,0.011229890209725459,0.021399207587180696,0.0006599936423762728,0.017277796923661715,0.025587820598461996,0.03187332386573431,0.008896790787985049,2.851257786009792e-05,2.385316172455181e-06,1.0855054242832036e-06,1.9014311098314023e-09,0.0003045576980044252,0.024084820535648206,0.008627383209786742,0.0006059116124775381,0.0234613253693626
38,0.04183711803257148,0.02466939361355662,0.029515870462767803,0.019555777501424735,0.003880380706196389,0.015059676585327442,0.01815015039376611,0.00026973859040852946,0.0003598651834958211,0.01947223546735646,0.013778308367386416,0.011655254182957868,0.015968829723629473,0.005678008949869397,0.0001565483896085546,0.0009824970138146618,0.0297485153328178,0.010737953752315507,0.009165313827095605,0.0006007540358711081,0.013734994252665271,0.007340664468866756,0.00990566221735374,0.005933976275225378,0.024293672592945785,0.019470867328376065,0.0019304887360471492,0.024814118442634772,0.025480838792489857,0.021570916037436938,0.026907433163766717,0.017342664699178306,0.016924533927141144,0.004272161310567312,0.016060931213745706,0.030685507802322574,0.016285793795745736,0.020335778699148686,0.0012139652531020463,9.521607628479192e-06,6.124162372226792e-05,0.009893380482701549,0.006800938567198697,0.028567097169412296,0.01096406206225598,0.028615955370882917,0.014089562650281105,0.00011382131734183825,0.011229890209725459,0.021399207587180693,0.0006599936423762728,0.017277796923661715,0.025587820598462,0.03187332386573431,0.008896790787985049,5.004205552651918e-05,0.002950597154434883,0.0013427524841358664,2.3520392335443796e-06,0.0003045576980044252,0.024084820535648206,0.008627383209786742,0.0017698545223104045,0.036073308675503596
39,0.04183711803257148,0.024669393613556623,0.029515870462767803,0.01955577750142473,0.003880380706196389,0.015403243118898393,0.022860346453931174,0.000499282126057054,0.0003598651834958211,0.019746615598302285,0.018558718090282245,0.011923868780351602,0.01620698901542527,0.01800173322990096,0.0028560548724468953,0.005477099625543363,0.029882025454676435,0.010737953752315507,0.009165313827095605,0.0006733959764337051,0.015541336606701237,0.007513662306029071,0.009905682163983102,0.005943236823247531,0.024310305915146053,0.019470976584622286,0.0019304887360471492,0.024814118442634765,0.02548083879248986,0.021570916037436938,0.026907433163766713,0.017342664699178306,0.01693090032090103,0.006498578931561657,0.018493048725808963,0.030696244945497823,0.016341882680527484,0.023871532531717456,0.011998133953438805,0.00014705349251690044,6.124162372226792e-05,0.009893380482701549,0.006800938567198697,0.028567097169412296,0.010964062062255978,0.02861595537088292,0.014089562650281105,0.00011382131734183825,0.011229890209725459,0.021399207587180696,0.0006599936423762728,0.017277796923661715,0.025587820598461996,0.03187332386573431,0.008896790787985049,0.00010827004852559701,0.010924244306399381,0.0049713855914479375,8.708152912997802e-06,0.00030455769800442526,0.024084820535648206,0.008627383209786742,0.0017999915169631077,0.036399860150018545
40,0.04183711803257147,0.024669393613556623,0.029515870462767803,0.019555795085703997,0.0039166276158504,0.016538046290600857,0.033923955128827024,0.0010372879416371632,0.00035986518349582103,0.02038970975345427,0.02976307731785689,0.012553449635849182,0.016231013213578005,0.0192448826860935,0.004377435936504538,0.016009566383170994,0.0301949474535287,0.010737953752315508,0.009165313827095603,0.0006734082319442125,0.015541641356925808,0.007513691492705455,0.009905682163983102,0.005943236823247531,0.024310305915146057,0.019470976584622282,0.0019304887360471492,0.024814118442634765,0.02548083879248986,0.021570916037436935,0.026907433163766717,0.017342664699178306,0.016945821921099495,0.011716872814771203,0.024193354423789573,0.030718925169001772,0.016342198405555314,0.024197865247095003,0.013085072411890351,0.00016092695187246291,6.124162372226792e-05,0.009893380482701549,0.006800938567198697,0.028567097169412296,0.010964062062255978,0.02861595537088292,0.014089562650281105,0.00011382131734183825,0.01122989020972546,0.021399207587180696,0.0006599936423762729,0.017277796923661715,0.025587820598461996,0.03187332386573431,0.008896790787985049,0.0001092270238579519,0.011094344430185931,0.005166309322721858,1.0364180999858665e-05,0.00030455769800442526,0.024084820535648206,0.008627383209786742,0.0017999915169631077,0.03639986015001855
41,0.04183711803257148,0.02466939361355662,0.0295158704627678,0.01955692031234336,0.006236085111299491,0.03763400220203705,0.03555667881203687,0.001042584213752195,0.0003598651834958211,0.020396040543090056,0.029873376005390247,0.012559647396974743,0.016231013213578,0.019244882686093503,0.0043902851231415975,0.016113249890391076,0.030198027940781268,0.010737953752315508,0.009165313827095603,0.0006734082319442124,0.015541641356925808,0.007513691492705455,0.009905682163983102,0.005943236823247532,0.024310305915146057,0.01947097658462229,0.0019304887360471496,0.02481411844263477,0.025480838792489857,0.021570916037436938,0.026907433163766717,0.017342664699178306,0.01694596881329426,0.011768243085465925,0.024249469746786254,0.030719148439144636,0.016342198405555317,0.024197870832572518,0.013091037449993735,0.0001816152323596731,6.151846944874148e-05,0.00989338048270155,0.006800938567198698,0.0285670971694123,0.010964062062255978,0.028615955370882913,0.014089562650281105,0.00011382131734183825,0.011229890209725459,0.021399207587180696,0.0006599936423762729,0.017277796923661715,0.025587820598462,0.03187332386573431,0.00889679078798505,0.00011223635091671504,0.01400548748129083,0.014010941215372547,0.00010997811539920761,0.0003045576980044252,0.024084820535648206,0.00862738320978674,0.0017999915169631072,0.036399860150018545
42,0.04183711803257148,0.02466939361355662,0.0295158704627678,0.01955733635865638,0.0070936916639978715,0.04543118395700683,0.03612018601806858,0.0010425842137521948,0.0003598651834958211,0.020396040543090056,0.02987337600539025,0.012559647396974743,0.016231013213578,0.0192448826860935,0.0043902851231415975,0.016113249890391076,0.030198027940781268,0.010737953752315507,0.009165313827095603,0.0006734082319442125,0.015541641356925808,0.007513691492705454,0.009905682163983099,0.005943236823247531,0.024310305915146057,0.019470976584622286,0.0019304887360471492,0.02481411844263477,0.02548083879248986,0.021570916037436938,0.026907433163766717,0.017342664699178306,0.016945968813294257,0.011768243085465925,0.024249469746786254,0.030719148439144636,0.016342198405555314,0.02419934509506476,0.014665483308173447,0.0056421968684543435,0.00013459069461252204,0.00989338048270155,0.006800938567198697,0.0285670971694123,0.01096406206225598,0.028615955370882917,0.014089562650281103,0.00011382131734183825,0.011229890209725459,0.021399207587180696,0.0006599936423762727,0.01727779692366171,0.025587820598461996,0.03187332386573431,0.008896790787985049,0.00011334903291665318,0.015081866488609746,0.0172811948338264,0.00014680981550518755,0.0003045576980044252,0.024084820535648203,0.008627383209786742,0.0017999915169631077,0.03639986015001855
43,0.04183711803257148,0.024669393613556623,0.0295158704627678,0.019557336695267876,0.007094385529599118,0.045437492439829655,0.036120641936070945,0.001042584213752195,0.0003598651834958211,0.02039604054309006,0.02987337600539025,0.012559647396974745,0.016231013213578,0.019244882686093503,0.0043902851231415975,0.016113252355894753,0.030198964185148308,0.01073918761535171,0.009165320131854861,0.0006734082319442124,0.015541641356925808,0.007513691492705455,0.009905682163983102,0.005943236823247531,0.024310305915146057,0.01947097658462229,0.0019304887360471492,0.02481411844263477,0.025480838792489864,0.021570916037436935,0.026907433163766713,0.017342664699178306,0.016945968813294257,0.011768243085465925,0.024249469746786254,0.030719148439144636,0.016342198405555317,0.02420129538466887,0.01674830465485479,0.01286595495315816,0.00023125733426222658,0.00989338048270155,0.006800938567198698,0.028567097169412296,0.01096406206225598,0.028615955370882917,0.014089562650281105,0.00011382131734183827,0.011229890209725459,0.021399207587180693,0.0006599936423762728,0.017277796923661715,0.025587820598461996,0.03187332386573431,0.008896790787985049,0.00011334993315670202,0.015082737356917283,0.017283840705043282,0.0001468396150090026,0.00030455769800442526,0.024084820535648206,0.008627383209786742,0.0017999915169631072,0.036399860150018545
44,0.04183711803257148,0.02466939361355662,0.0295158704627678,0.01955733669526788,0.007094385529599117,0.04543749243982964,0.03612118511837911,0.0010938639101112798,0.00037740530750846697,0.02039605912997625,0.02987337600539025,0.012559647396974745,0.016231013213578,0.0192448826860935,0.0043902851231415975,0.0161169606169251,0.0316071302069008,0.012594989438290106,0.009174802856743276,0.0006734082319442124,0.01554164135692581,0.007513691492705454,0.0099056821639831,0.005943236823247532,0.0243103062033652,0.019471469600401244,0.0019329647112796722,0.024814163044266816,0.02548083879248986,0.021570916037436938,0.026907433163766713,0.017342664699178303,0.016945968813294257,0.011768243085465925,0.024249469746786254,0.030719148439144636,0.016342198405555317,0.024201309977678692,0.016763889331255513,0.012920006603976205,0.00023198064080029617,0.009893380482701549,0.006800938567198697,0.028567097169412296,0.010964062062255978,0.028615955370882917,0.014089562650281103,0.00011382131734183827,0.011229890209725459,0.021399207587180696,0.0006599936423762727,0.017277796923661715,0.025587820598461996,0.03187332386573431,0.00889679078798505,0.00011334993315670202,0.015082737356917284,0.017283840705043282,0.0001468396150090026,0.0003045576980044252,0.024084820535648206,0.008627383209786742,0.0017999915169631074,0.036399860150018545
45,0.04183711803257148,0.02466939361355662,0.0295158704627678,0.01955733669526788,0.007094385529599116,0.045439729617587084,0.03627352537505904,0.007957811862254619,0.0027215642625985394,0.02039854318305096,0.02987337600539025,0.012559647396974743,0.016231013213578,0.0192448826860935,0.0043902851231415975,0.016130707177034645,0.03682721549858274,0.019474465047381324,0.009209955411165432,0.0006734082319442124,0.015541641356925808,0.007513691492705454,0.0099056821639831,0.005943236823247532,0.024310692484717338,0.020132226542877753,0.0052513530755509625,0.024873939707165393,0.02548083879248986,0.021570916037436938,0.026907433163766717,0.017342664699178306,0.016945968813294257,0.011768243085465925,0.024249469746786254,0.030719148439144636,0.016342198405555314,0.024201309977678692,0.01676388933125551,0.012920006603976207,0.0002319806408002962,0.009893380482701549,0.006800938567198697,0.028567097169412303,0.010964062062255978,0.028615955370882917,0.014089562650281105,0.00011382131734183825,0.011229890209725459,0.021399207587180696,0.0006599936423762728,0.017277796923661715,0.025587820598461996,0.03187332386573431,0.008896790787985049,0.00011334993315670202,0.01509251550263005,0.0173609412375768,0.00014904699326263122,0.0003045576980044252,0.024084820535648206,0.008627383209786742,0.0017999915169631072,0.03639986015001855
46,0.04183711803257148,0.02466939361355662,0.029515870462767803,0.019557336695267876,0.007094385529599116,0.045741133436203986,0.04883977589139359,0.015386724875907549,0.004494672390227009,0.020400420927909498,0.029873376005390247,0.012559647396974743,0.016231013213578,0.019244882686093503,0.0043902851231415975,0.016131196047516668,0.0370128579860419,0.019719120621596024,0.009211205545459957,0.0006734082319442124,0.01554164135692581,0.007513691492705455,0.0099056821639831,0.005943236823247532,0.024311906203825187,0.022208364369079282,0.01567792805938305,0.02506242843286758,0.025486628551282878,0.021572858287729268,0.026907438428337687,0.017342963168332094,0.017201449620573798,0.012469557708836027,0.024256088589097134,0.030719148439144636,0.016342198405555314,0.024201309977678692,0.016763889331255513,0.012920006603976205,0.0002319806408002962,0.009893380482701549,0.006800938567198697,0.028567097169412296,0.01096406206225598,0.028615955370882917,0.014089562650281105,0.00011382131734183825,0.011229890209725459,0.021399207587180693,0.0006599936423762728,0.017277796923661715,0.025587820598462,0.03187332386573431,0.00889705038429893,0.00035832649842629954,0.016980710233885934,0.02660964943673174,0.0004136191117735411,0.0003045576980044252,0.024084820535648206,0.008627383209786742,0.0017999915169631072,0.036399860150018545
47,0.04183711803257148,0.024669393613556623,0.029515870462767803,0.019557336695267876,0.007094385529599118,0.046005789243188114,0.06344928979580093,0.019048590365717318,0.004504395203365515,0.020400428042044016,0.02987337600539025,0.012559647396974745,0.016231013213578005,0.0192448826860935,0.004390285123141598,0.01613119604751667,0.03701285798604189,0.019719621299652355,0.009215712987324575,0.0006735637585536668,0.01554164135692581,0.007513691492705454,0.009905682163983102,0.005943236823247531,0.024311937629633067,0.022262120059360943,0.015948249896395837,0.025843408644266035,0.03222480632842186,0.023833268129534756,0.02691356538740705,0.017347274312721157,0.020891966631602456,0.022882269595551966,0.025157752739539595,0.030727319022386235,0.016342198405555317,0.024201309977678692,0.016763889331255513,0.012920006603976205,0.00023198064080029614,0.009893380482701549,0.006800938567198697,0.028567097169412296,0.010964062062255978,0.02861595537088292,0.014089562650281105,0.00011382131734183825,0.011229890209725459,0.021399207587180696,0.0006599936423762728,0.017277796923661715,0.025587820598461996,0.03187332386573431,0.008900800042103685,0.003896813914589704,0.02805680406751645,0.03248390337276218,0.0005786609843583308,0.00030455769800442526,0.024084820535648206,0.008627383209786742,0.0017999915169631077,0.036399860150018545
48,0.04183711803257147,0.024669393613556623,0.029515870462767803,0.019557336695267876,0.007094385529599118,0.04600766997838155,0.06359882582250977,0.0190955191370526,0.0045044422310891235,0.02040042804204402,0.02987337600539025,0.012559647396974745,0.016231013213578005,0.0192448826860935,0.0043902851231415975,0.01613119604751667,0.03701285798604189,0.020290097273444378,0.014351522824673647,0.0008510062816784132,0.015879753197780233,0.010041635298376775,0.011997626746359695,0.007022233585369707,0.024317660054647902,0.02226212005936094,0.015949082673916346,0.027662477568373863,0.04801781806481567,0.02913170723657533,0.026928088985600698,0.017347709618024454,0.0212681387982021,0.027549957036758728,0.03555936013703436,0.030832656546953243,0.016342198405555314,0.024201309977678692,0.01676388933125551,0.012920006603976205,0.00023198064080029617,0.009893380482701549,0.006800938567198697,0.028567097169412296,0.010964062062255978,0.02861595537088292,0.014089562650281105,0.00011382131734183825,0.01122989020972546,0.021399207587180696,0.0006599936423762729,0.017277796923661715,0.025587820598461996,0.03187332386573431,0.008901178286939008,0.004253757043727646,0.029101785983001928,0.03250627529666826,0.0005789850205014342,0.00030455769800442526,0.024084820535648206,0.008627383209786742,0.0017999915169631077,0.03639986015001855
49,0.04183711803257148,0.02466939361355662,0.02951594887691905,0.0195582602276149,0.007094426413374008,0.04600766997838155,0.06359882582250977,0.019095519137052597,0.004504442231089124,0.020400428042044012,0.029873376005390247,0.012559647396974743,0.016231013213578,0.019244882686093503,0.0043902851231415975,0.016131196047516668,0.03701285798604189,0.02140966454006256,0.024430623164783415,0.0012011038319211182,0.019231560240567908,0.03513490338766089,0.03850979000395631,0.021618438130021417,0.02438402168123632,0.02226212005936094,0.015949090871999406,0.02768038496591321,0.04830038458110039,0.031993446083944256,0.02789548535011157,0.01735020377728126,0.0212684431530322,0.027832749080588942,0.03636542048879981,0.030840827130194835,0.016342198405555317,0.02420130997767869,0.01676388933125551,0.012920006603976205,0.0002319806408002962,0.00989338048270155,0.006800938567198698,0.0285670971694123,0.010964062062255978,0.028615955370882913,0.014089562650281105,0.00011382131734183825,0.011229890209725459,0.021399207587180696,0.0006599936423762729,0.017277796923661715,0.025587820598462,0.03187332386573431,0.008901178286939008,0.0042542035942814615,0.029125085872449857,0.03251039800129137,0.0005789868431309393,0.0003045576980044252,0.024084820535648206,0.00862738320978674,0.0017999915169631072,0.036399860150018545
50,0.04183711803257148,0.02466939361355662,0.029710964727011183,0.021855083477872742,0.007196104286411561,0.04600766997838155,0.06359882582250978,0.0190955191370526,0.004504445027347105,0.02040120792084231,0.029874132418576695,0.012559649791552375,0.016231013213578,0.0192448826860935,0.0043902851231415975,0.01613119604751667,0.0370128579860419,0.021419834086980668,0.024522176291475614,0.001204423725089583,0.019463612549991936,0.03688395083151943,0.04248328833769567,0.024385237341879487,0.024398118345877105,0.02226212005936094,0.015949090871999406,0.027680384965913213,0.04920989125528297,0.05209898137365399,0.03481721382993123,0.01736805211429478,0.0212684431530322,0.027832749080588942,0.03636542048879981,0.030840827130194842,0.016342198405555314,0.024201309977678696,0.01676388933125551,0.012920006603976207,0.00023198064080029617,0.009893440044736017,0.006802459763638145,0.028567827992343156,0.010965044844937974,0.028615961581423873,0.014089562650281103,0.00011382131734183825,0.011229890209725459,0.021399207587180696,0.0006599936423762727,0.01727779692366171,0.025587820598461996,0.03187332386573431,0.00890117828693901,0.004372068670369378,0.03527499033265977,0.03359856795190476,0.0005794679182599855,0.0003045576980044252,0.024084820535648203,0.008627383209786742,0.0017999915169631077,0.03639986015001855
51,0.04183711803257148,0.024669393613556623,0.030790125455229942,0.034565032182898574,0.007758759924192288,0.0460076737605444,0.06364608314627625,0.019705098827450456,0.0045946320961026835,0.021856856737519158,0.03123518213587373,0.012563957493495061,0.016231013213578,0.019244882686093503,0.0043902851231415975,0.016131196047516665,0.03701285798604189,0.02141987474829311,0.02452545460588493,0.0012056414525560301,0.019464965402034743,0.03688654750125764,0.04486810096033794,0.03477680618866764,0.02456899096079254,0.02226212005936094,0.015949090871999402,0.027680384965913206,0.04926581402574489,0.05333522811158203,0.0353223611235126,0.01788947096072306,0.021279638439475876,0.027834801117519535,0.036365470251493885,0.03084082713019484,0.016342198405555317,0.024201309977678692,0.016763889331255513,0.012920006603976205,0.00023207898369143046,0.010118910035918907,0.010004364002454465,0.029889585414049583,0.012733012111605534,0.028627133973166893,0.014089562650281105,0.00011382131734183827,0.011229890209725459,0.021399207587180693,0.0006599936423762728,0.017277796923661715,0.025587820598461996,0.03187332386573431,0.008901178286939008,0.004527991400407206,0.04341064785510089,0.03503809894001705,0.0005801043285518538,0.00030455769800442526,0.024084820535648206,0.008629576339100815,0.0021506034741672307,0.03661225684737393
52,0.04183711803257148,0.02466939361355662,0.03084766442920799,0.03524270455243328,0.007788759744658609,0.04600825839244867,0.06583450416752201,0.03979291591701659,0.01405857795834559,0.03626567627071895,0.0373579336153096,0.012583189752828312,0.016231013213578,0.0192448826860935,0.0043902851231415975,0.016131196047516668,0.03701583661279089,0.02154756357469094,0.029461789950974395,0.00303717443941935,0.021499733616615762,0.038143162666663635,0.04551380490398574,0.03763803292980346,0.025291905528166393,0.02229174223440987,0.015949090871999406,0.02768038496591321,0.04926581402574489,0.05333565678884847,0.037102423457787324,0.02953232537610455,0.021951438087827655,0.030921184099095105,0.036440316239806855,0.030840827130194842,0.016342198405555317,0.024201309977678692,0.016763889331255513,0.012920006603976205,0.0002342795269924584,0.013244875953884266,0.032635052327705326,0.035917021204540475,0.020626317037905156,0.028677014475168443,0.014089562650281103,0.00011382131734183827,0.011229890209725459,0.021399207587180696,0.0006599936423762727,0.017277796923661715,0.025587820598461996,0.03187332386573431,0.008901178286939008,0.004529158089665038,0.0434715227784333,0.03504887086661309,0.0005807839883246947,0.0003067758454146917,0.024084848383383817,0.008678650308400572,0.00999597780460363,0.041364894522908875
53,0.04183711803257148,0.02466939361355662,0.03087381079767512,0.036024389883529975,0.007877799659488743,0.04600879124596531,0.06723376619278196,0.04947498743696808,0.02223182381441106,0.043969373958742265,0.037672777286431924,0.012584049247838017,0.016231013213578,0.0192448826860935,0.0043902851231415975,0.01613119604751667,0.037413916573972125,0.030665952669327298,0.048483247331081475,0.009826685234500861,0.029050433941845744,0.04287881151960879,0.04552819676534077,0.03873490539326716,0.037990417868636696,0.022849940400223902,0.01594910608165886,0.02768038496591321,0.04926581402574488,0.053335752805331045,0.03750112748925725,0.032140671417714275,0.023594650766183757,0.04236250870309602,0.036717771054579074,0.030840827130194842,0.016342198405555314,0.024201309977678692,0.01676423351320317,0.012972405340238967,0.00026394523754963797,0.013859332763329964,0.03551341259232399,0.03621467559024087,0.020979071026747002,0.028679243648652906,0.014091993270590285,0.00019142511374445386,0.011239172454564801,0.021399207587180696,0.0006599936423762728,0.017277796923661715,0.025587820598461996,0.03187332386573431,0.00890117828693901,0.004529158089665038,0.0434715227784333,0.035049755021707985,0.0014853056171876488,0.0032796143697187354,0.02412217088993209,0.008689642050412,0.011753209425638685,0.04242940525942946
54,0.04183711803257148,0.02466939361355662,0.031299709636126626,0.04906290505369189,0.009947257366125836,0.04601302302236282,0.06724021291038618,0.049512687900220974,0.02227413984759422,0.0440084172451101,0.03767432792422791,0.013033903709201315,0.016708432192636024,0.019247728028901023,0.0043933992198536475,0.016131230430626822,0.037714833091418404,0.037395411644718594,0.04969495146337077,0.010068141379793748,0.030252922020880462,0.05252681513416181,0.04590018470334327,0.03907446688195386,0.04584648041910491,0.02619526660952516,0.015967904972380216,0.027680384965913206,0.04926581402574489,0.05333575285870497,0.03750143620141207,0.03271635626966643,0.027620875309230734,0.04285905018298133,0.03672763821174103,0.03084082713019484,0.016342198405555314,0.024201309977678692,0.016805486500495095,0.019252818011936255,0.003761590218706417,0.013874493052302636,0.03551513214857027,0.036214695233631425,0.020979071026747002,0.02867924408347241,0.014384083336358135,0.009499621838425436,0.012352771997517295,0.02139920855858596,0.0006599936423762728,0.017277796923661715,0.025587820598462,0.03187332386573431,0.008901178286939008,0.004529158089665038,0.043471522778433296,0.03505253308988818,0.004327574771159723,0.012840217171810107,0.025004774179318415,0.009505103809354487,0.01193613735376933,0.042430127873559965
55,0.04183711803257148,0.024669393613556623,0.03136872715869374,0.05554077314646179,0.019124462773360613,0.046074107115327126,0.06724021291038618,0.049512687900220974,0.022274139847594222,0.0440084172451101,0.037693433191054386,0.019531685849657136,0.02360560549187614,0.02048217533456028,0.008017615359274258,0.016171245829719523,0.03771597316142028,0.037420876722412205,0.04969707942458264,0.010068141379793748,0.030835706526283285,0.058442001935787,0.04613199227288494,0.03945779063174291,0.060893941922399095,0.03507580323937125,0.016030931944207967,0.02768038496591321,0.04926581402574489,0.05333575285870497,0.03750167171396449,0.034269407971164415,0.03835752135264675,0.043101528274177264,0.03672763821174103,0.03084082713019484,0.016342198405555317,0.024201309977678692,0.01683122039230008,0.02317147498901849,0.007159918005518241,0.022374061144622225,0.03600747271362695,0.03621469523363142,0.020979071026747002,0.02867975013065143,0.015450990764821005,0.023163127783500652,0.01426588227676736,0.021472817895520815,0.001730449215871442,0.017332053638117167,0.025587820598461996,0.03187332386573431,0.008901178286939008,0.004529158089665038,0.0434715227784333,0.035057721633953584,0.004512931112358912,0.016336692694688133,0.03610012334078776,0.021283774928635868,0.01456427332972177,0.04243201819691608
56,0.041837118284557134,0.024669910453640847,0.031381399384557966,0.056016978221187605,0.02004914225561905,0.04609894047566528,0.06724079429487136,0.04951633990698788,0.02228256142300159,0.04400848004709278,0.037695360425186376,0.020187146337965343,0.02430417986117289,0.02331693750250098,0.01651207962035097,0.016265034214410064,0.03771597316142028,0.037420876722412205,0.04969707942458263,0.010068141379793748,0.03083685074041776,0.05845361556017769,0.046132447393937556,0.03946377971222604,0.06147236494945877,0.045813896581997145,0.017269405822967855,0.027680384965913213,0.04926581402574489,0.05333575285870497,0.037501675394395036,0.034293695540474546,0.0385310468244343,0.04311132231057768,0.03672766034562519,0.030840827130194842,0.016342198405555314,0.024201309977678692,0.01683127091712094,0.02318377725896734,0.010169885543607928,0.04231949046987338,0.03716144988937875,0.036214695233631425,0.020979071026747,0.0286809362077261,0.01752602516778267,0.04159966634414875,0.01712456351315535,0.02240988539207025,0.015531072370517391,0.018031546908411484,0.025587820598461996,0.03187332386573431,0.008901178286939008,0.004551419174139488,0.04365320200815089,0.03652830741063806,0.016245412422292625,0.024943144464135605,0.04104426913477395,0.022479747873038036,0.014829385217578529,0.04243220888232893
57,0.041838611876108316,0.025551629426122983,0.03841557736765614,0.05688805632278618,0.03178911996153393,0.05715129660278928,0.06754523561316617,0.05137642264261124,0.02657352930051116,0.04406647533037276,0.037696741437524516,0.020187146337965343,0.02430420892710372,0.023344817734100763,0.01659570138222647,0.016265957492174292,0.03771597316142029,0.03742087672241222,0.04969707942458264,0.010068141379793748,0.030836850740417754,0.05845361556017768,0.04613244739393757,0.03946377971222604,0.061618852559667384,0.05033685620821349,0.017797469430205805,0.02768038496591321,0.0492658140257449,0.05333575285870497,0.03750167539439503,0.03430262409855635,0.041454837065138715,0.046169733304078905,0.03673893383399395,0.030840827130194835,0.016342198405555317,0.02420130997767869,0.016831270917120944,0.023344781288501235,0.019987022845467863,0.04476040268487712,0.037174458281382404,0.03621469523363142,0.020979071026747,0.028680947883783784,0.01754644884496051,0.04178104837973689,0.017152693876297836,0.02248289466752892,0.0166029999784968,0.018099799006297802,0.02560015393663688,0.03187336011369222,0.008901178286939008,0.005982627686049862,0.05733317650928546,0.049772481701875565,0.04055299283316939,0.03681285261610938,0.04271049127611023,0.02248308232577255,0.014829755523796173,0.04243278508080153
58,0.04184930009711638,0.030722331530043234,0.05623985919725299,0.05843522644622804,0.062173065340501425,0.08437997978489767,0.06837985198058918,0.05436036223786045,0.033870054685149434,0.05099143007412798,0.03846599304185621,0.020247313359264527,0.024507040798485105,0.023569593651371432,0.016596616999640133,0.016265957492174292,0.03771597316142029,0.03742094314651896,0.049700236948577683,0.010107135122740448,0.030840413047429245,0.05845361556017769,0.046132447393937556,0.03946377971222604,0.06161897842870161,0.05034075737658983,0.01779914559291293,0.027680766877820968,0.04926582634692848,0.053336930831288355,0.03750208866527941,0.03431693756275614,0.0461418499179969,0.05107255137778906,0.03675700591869597,0.030840827130194842,0.016342381700642578,0.024230174112011796,0.016918496634365513,0.02341477822221726,0.023606476092488962,0.045590445551218946,0.037175067837608454,0.036214695233631425,0.020979071026747,0.028680947883783784,0.017546725378934227,0.041925176114159315,0.01745079194703156,0.023807652379317257,0.020546673094716226,0.023828699809249756,0.028926786839693824,0.0322891215793597,0.008910311143991888,0.006521274953630974,0.06578267758536058,0.05740924568438609,0.04957451027917626,0.03994335701474376,0.0427240102284704,0.02248531947910086,0.01575070640672601,0.043865789623526094
59,0.041849957282981035,0.031022788997972006,0.056837018324005374,0.05845846097936716,0.06322587810354828,0.0892198972942196,0.07671326945508966,0.054738987366864604,0.034743971094942955,0.06032460481280687,0.05032907966997172,0.021939151188130616,0.030210474764351083,0.02989007273850504,0.016622363266345017,0.016265957492174292,0.03771597316142029,0.03754043614186625,0.05277068852690937,0.01773787261374018,0.031517845737533454,0.05856693443641542,0.04660497444529545,0.03957710620849228,0.0621020698230018,0.05037563665257622,0.019998216237602826,0.02836780355850272,0.049287991419298995,0.05545997328263139,0.038696264922037676,0.03503630563989944,0.04621231152679384,0.05115215522064239,0.037829036237643346,0.03096521690141827,0.016377268298799368,0.02971846146091466,0.0335037783867193,0.025406414773163716,0.023610281117658664,0.04559319401852595,0.03751893419611432,0.036433171935089416,0.020981731275241527,0.028681037274945285,0.01755450124397788,0.045977907128914475,0.025711704757688088,0.032727442221637267,0.0511866515656486,0.04116440639769314,0.03508959736865036,0.04630225504638605,0.009555043545605935,0.006525661471659271,0.06584287680959004,0.0663701662809905,0.06666360058377224,0.04009870394130259,0.04272402003071236,0.02249768338143793,0.020846979478923618,0.051795618020227294
60,0.041849957282981035,0.031022788997972006,0.056837018324005374,0.05846385612787945,0.06329473617245936,0.0903330728321372,0.08005487175918764,0.06358940786165847,0.040591954824397904,0.060526759615203346,0.05345539655610435,0.022500025263911965,0.03182222295769349,0.03159665422216419,0.016629308558602705,0.01627365580888012,0.037780334596894366,0.038075943013033284,0.06544042689588338,0.026924889190905056,0.032262981074611494,0.061102583847458536,0.0571783491491184,0.04211292612705782,0.07291251644983765,0.050731694908917956,0.029832270570167282,0.031435177908612014,0.049386950081165906,0.06500913035456413,0.05210219273579821,0.0514579007274247,0.04732054488538918,0.052071319320337046,0.06183384851847547,0.03374862283995671,0.016416278678261793,0.03574005610867274,0.0517006834470015,0.027591529590233088,0.023611242931436644,0.045747847134456114,0.04858134037508195,0.04231573751430024,0.024220972546949715,0.028818136980794235,0.017564510811070085,0.04707164577913367,0.027933728597630363,0.03363121206774339,0.0552152272045682,0.04294048647813055,0.04436645902032578,0.06151974123406943,0.0138886002258196,0.012268495772187518,0.0675940524252634,0.06685278215650935,0.06757450931717034,0.040106995629765954,0.04287989195286088,0.02305393648124735,0.021126363141359863,0.05221842268484967
61,0.041849957282981035,0.031023694537823353,0.05690270529578988,0.05920332175423589,0.07223183211395191,0.09566118655417609,0.08792310424356181,0.07360796799793554,0.04207192442867627,0.06726606080019122,0.060714102856934446,0.03709200132755518,0.04175328985293226,0.03182055739502457,0.01719315070383299,0.01756866229196691,0.04638899612809042,0.038378923226484445,0.0659967788081186,0.027401383394528873,0.0327861996163989,0.06167341532332732,0.05954672470200206,0.04268422101469171,0.07542519175401263,0.05791639615940403,0.032414172315784195,0.03158215978785931,0.050017895191109406,0.06578969234713049,0.05536146516223024,0.0619443830988299,0.06298607381004069,0.059997332093024026,0.07018455140151056,0.03519690858363468,0.016517555712762394,0.0365869312267164,0.05204546883968894,0.027642508106619623,0.02366223209224627,0.04748578875161466,0.07351463973083405,0.04843524006690407,0.04468139864159811,0.03286913148189642,0.028217007327841062,0.047785222954861636,0.028871372867851748,0.0338049449406575,0.055311147434366485,0.05304583148783459,0.05546130624574844,0.06366125466800801,0.0326183508069458,0.041994375490071956,0.0742923220170941,0.06696180229574496,0.06772040467891005,0.04014274912573537,0.04580830237269208,0.03349478079536111,0.02134053894153536,0.05222246867246486
62,0.04286315345773591,0.03215102943076584,0.06506108728377272,0.06283307860059828,0.07904754241532824,0.09968359281279851,0.09133985413383063,0.0832886197583163,0.04917390952123488,0.07698331286709864,0.0704052446745983,0.06094710924995632,0.06735244230952207,0.03707556292210254,0.032052675938327564,0.02694963949846102,0.06105080913834771,0.05068299432741723,0.0684806188558162,0.038919529074053605,0.04444000296098591,0.06232468209248372,0.060081927734588696,0.04755269514531664,0.0761578411681899,0.06387832773162273,0.034521362462335725,0.03315301853424884,0.0633241304767604,0.0792600357771707,0.07002961712067293,0.06451826776474996,0.0726950613281878,0.07777576158476521,0.08571895952783179,0.059101866336174674,0.02569293035365417,0.05922647780511915,0.0644837686439598,0.033201449882365855,0.03378011798836257,0.053260717064565075,0.08804444698672598,0.06413970317296365,0.07982173135918688,0.04520997342528231,0.07084351070760275,0.05717212575702387,0.06083954590607343,0.04465552304214083,0.05614831040915541,0.059508870275038275,0.05648001139909263,0.06556206902451453,0.04542649617721149,0.04992517401754965,0.07497378284276762,0.07686050621173167,0.08564604956529277,0.04854577745868524,0.05386952541918534,0.04086705224899581,0.035216740533316276,0.05635364791785803
63,0.06680909844993166,0.05914422776660708,0.08553541507098175,0.0853286348988809,0.08689497251836525,0.09977552997649158,0.09345908585884591,0.0931130798526162,0.07309127209401246,0.08475342991914259,0.08542569267069448,0.08236278005714165,0.0958898725912514,0.07857031176288833,0.070801398309571,0.05984257639608782,0.08894800189184728,0.0923009882508347,0.08151717665737518,0.06306821600763345,0.06572769533143716,0.07852642206343904,0.07365469167356715,0.07634664948527645,0.08486997674136323,0.08017276900025365,0.05864276656408575,0.057775357373377384,0.0798374873963626,0.08993705021738209,0.08517636499011828,0.08072193537707588,0.09572729842553211,0.0872549434705725,0.09902755812440028,0.08842255659628978,0.056837785598998075,0.08404756858854487,0.07884346963726166,0.06676316839559897,0.07293244099960865,0.08122541476537518,0.09603536975533074,0.08834449602572397,0.09638517337881033,0.07151280418938774,0.09469133522976124,0.07649731790437511,0.0805254752004621,0.06201887152902291,0.07208167121725585,0.0825669780815867,0.07522453747782137,0.08722953687734179,0.07713135848914045,0.07009697204569838,0.08960359419668261,0.08739439525063236,0.09862971653892799,0.08297158021383694,0.0931351042137816,0.06544844174728776,0.07692070584614484,0.0764207634564834
