"","x"
"LH11",0.507252700817632
"LH12",0.500007768184091
"LH13",0.500000055138113
"LH14",0.5
"LH15",0.5
"LH16",0.5
"LH17",0.5
"LH18",0.5
"LH19",0.5
"LH110",0.499999999999999
"LH111",0.5
"LH112",0.500000000000001
"LH113",0.499999999999999
"LH114",0.499999999999999
"LH115",0.500000000000001
"LH116",0.500000000000001
"LH117",0.499999999999999
"LH118",0.499999999999999
"LH119",0.499999999999999
"LH120",0.500000000000001
"LH121",0.499999999999999
"LH122",0.501519072912629
"LH123",0.500000272452151
"LH124",0.500044939274484
"LH125",0.50194769447844
"LH126",0.500000000000004
"LH127",0.499999999999999
"LH128",0.50017763641514
"LH129",0.500000127097506
"LH130",0.500655874996336
"LH131",0.503714501967598
"LH132",0.505917457608205
"LH133",8.49097213439665e-05
"LH134",0.00413537712809246
"LH135",2.93526630690618e-05
"LH136",0
"LH137",-1.2266347333467e-18
"LH138",0
"LH139",0
"LH140",0
"LH141",-1.2266347333467e-18
"LH142",0
"LH143",0
"LH144",0
"LH145",-1.2266347333467e-18
"LH146",0
"LH147",0
"LH148",0
"LH149",-1.2266347333467e-18
"LH150",0
"LH151",0
"LH152",0
"LH153",-1.2266347333467e-18
"LH154",0.00562868419449287
"LH155",1.56968401149881e-06
"LH156",1.79209577539033e-05
"LH157",0.000776704805888653
"LH158",0
"LH159",1.6337166525014e-05
"LH160",0.00751985636519152
"LH161",3.34862666750236e-06
"LH162",0.00732100298653161
"LH163",3.85645541784845e-05
"LH164",0.024629333811121
"LH165",0
"LH166",4.12357364470468e-06
"LH167",2.92688826398094e-08
"LH168",0
"LH169",0
"LH170",0
"LH171",0
"LH172",0
"LH173",0
"LH174",0
"LH175",0
"LH176",0
"LH177",0
"LH178",0
"LH179",0
"LH180",0
"LH181",0
"LH182",0
"LH183",0
"LH184",0
"LH185",0
"LH186",0.00679239452825082
"LH187",4.82120159405783e-05
"LH188",0
"LH189",0
"LH190",0
"LH191",2.89876872181662e-05
"LH192",0.0021673594783876
"LH193",0
"LH194",0.00426251377198334
"LH195",0.000445919286911627
"LH196",0.0293633089918909
"LH197",0
"LH198",0
"LH199",0
"LH1100",0
"LH1101",0
"LH1102",0
"LH1103",0
"LH1104",0
"LH1105",0
"LH1106",0
"LH1107",0
"LH1108",0
"LH1109",0
"LH1110",0
"LH1111",0
"LH1112",0.0101940408781092
"LH1113",6.60882044489901e-05
"LH1114",0
"LH1115",1.53329341668337e-19
"LH1116",0
"LH1117",0
"LH1118",0.00190619967541933
"LH1119",0.00138250209645247
"LH1120",0.000111392619722003
"LH1121",4.53875601588902e-05
"LH1122",0.000223939759702324
"LH1123",0.00131831715322648
"LH1124",0
"LH1125",0
"LH1126",0.000399620180814877
"LH1127",0.00843377583243595
"LH1128",0.0223224192411535
"LH1129",0
"LH1130",0
"LH1131",0
"LH1132",0
"LH1133",0
"LH1134",0
"LH1135",0
"LH1136",0
"LH1137",0
"LH1138",0
"LH1139",0
"LH1140",0
"LH1141",0
"LH1142",0
"LH1143",0
"LH1144",0.00115064104939931
"LH1145",6.10667749192499e-06
"LH1146",4.17782937388916e-08
"LH1147",-3.06658683336675e-19
"LH1148",0
"LH1149",0.00210704403797122
"LH1150",2.81809889576131e-05
"LH1151",0.00288897609956896
"LH1152",0.000237717219242517
"LH1153",0.00600483483708826
"LH1154",9.55000404573807e-05
"LH1155",0.00780387186639051
"LH1156",0.000360413043670734
"LH1157",4.95012448687552e-05
"LH1158",0.00438561575610634
"LH1159",0.00981607640627806
"LH1160",0.0135178106725758
"LH1161",0
"LH1162",0
"LH1163",0
"LH1164",0
"LH1165",0
"LH1166",0
"LH1167",0
"LH1168",0
"LH1169",0
"LH1170",0
"LH1171",0
"LH1172",7.58630099729315e-05
"LH1173",3.55427452064765e-08
"LH1174",2.22439553332434e-05
"LH1175",0
"LH1176",0
"LH1177",0.00333169223853524
"LH1178",4.45602372291779e-05
"LH1179",0
"LH1180",7.37476787308696e-05
"LH1181",0.00133975296812044
"LH1182",1.69323851033111e-05
"LH1183",0.00211851127759347
"LH1184",0.000172351293704803
"LH1185",9.39994798349553e-07
"LH1186",1.32572072252158e-06
"LH1187",0.00537377479651857
"LH1188",0.00817125004945271
"LH1189",0.00285468805378321
"LH1190",0.000227916696279495
"LH1191",0.0129336384187014
"LH1192",0.0104021530475402
"LH1193",0
"LH1194",0
"LH1195",0
"LH1196",0
"LH1197",0
"LH1198",0
"LH1199",0
"LH1200",0
"LH1201",0
"LH1202",0
"LH1203",0
"LH1204",0.00614521124695111
"LH1205",3.26559483852292e-06
"LH1206",0.00712082850905612
"LH1207",2.4532694666934e-18
"LH1208",2.4532694666934e-18
"LH1209",7.19748971457632e-06
"LH1210",9.62639482187007e-08
"LH1211",4.01514481465735e-07
"LH1212",0.0019249003243568
"LH1213",0.000582715653585587
"LH1214",0
"LH1215",0.00020671345439404
"LH1216",0.00343328616614292
"LH1217",0.000138130776745096
"LH1218",3.23015072707993e-05
"LH1219",0.0045991457065411
"LH1220",0.00474397167686615
"LH1221",0.000121147791672067
"LH1222",0.00827962810628323
"LH1223",0.0109875547468708
"LH1224",0.00278217071721271
"LH1225",0
"LH1226",0
"LH1227",2.25021203888693e-05
"LH1228",6.44443200759546e-08
"LH1229",-4.79154192713554e-21
"LH1230",0
"LH1231",0.00174483939094838
"LH1232",4.99708410799488e-06
"LH1233",5.98942740891943e-22
"LH1234",6.1331736667335e-19
"LH1235",5.98942740891943e-22
"LH1236",2.95874248416481e-06
"LH1237",5.49020914818567e-08
"LH1238",5.15355723846666e-06
"LH1239",0
"LH1240",6.10921595709782e-19
"LH1241",0
"LH1242",0
"LH1243",1.59621596176173e-06
"LH1244",0.00533583891493865
"LH1245",-6.1331736667335e-19
"LH1246",-1.2266347333467e-18
"LH1247",1.96907078751974e-06
"LH1248",0.0207216171258106
"LH1249",0.00284844930434201
"LH1250",0
"LH1251",4.9065389333868e-18
"LH1252",0.000157959990241846
"LH1253",7.21391234665056e-05
"LH1254",0.0116309022170821
"LH1255",0.0106433787174254
"LH1256",0.00236794964778444
"LH1257",0
"LH1258",0
"LH1259",0.00507651715353585
"LH1260",1.45387497115767e-05
"LH1261",-1.53329341668337e-18
"LH1262",9.19976050010024e-19
"LH1263",0.00330241324570027
"LH1264",9.45785430666582e-06
"LH1265",0
"LH1266",0
"LH1267",2.4532694666934e-18
"LH1268",0.0025903719533849
"LH1269",5.9767811389289e-05
"LH1270",1.2266347333467e-18
"LH1271",1.48459826504628e-05
"LH1272",4.2517737938574e-08
"LH1273",-1.2266347333467e-18
"LH1274",5.13010677124608e-07
"LH1275",9.20106343151401e-11
"LH1276",3.13065769532872e-05
"LH1277",0.00135684538234272
"LH1278",2.4532694666934e-18
"LH1279",0
"LH1280",0.000163903767474703
"LH1281",2.71386981649269e-09
"LH1282",0
"LH1283",-2.4532694666934e-18
"LH1284",0.0054931117157172
"LH1285",0.000143978229658683
"LH1286",0.019708907143024
"LH1287",0.0010219077394979
"LH1288",0.00859524529158061
"LH1289",0
"LH1290",0
"LH1291",2.12955604928995e-06
"LH1292",6.09888265143243e-09
"LH1293",0
"LH1294",0
"LH1295",0
"LH1296",0
"LH1297",0
"LH1298",0
"LH1299",0
"LH1300",5.96104288552242e-06
"LH1301",1.37539509104027e-07
"LH1302",0
"LH1303",0.00496419751210002
"LH1304",1.4217075007219e-05
"LH1305",6.1331736667335e-19
"LH1306",0.00761695201101657
"LH1307",6.47720490655065e-05
"LH1308",2.86164984986436e-05
"LH1309",0.00124025580645984
"LH1310",0.000130636357488296
"LH1311",0.000654736193442556
"LH1312",-4.9065389333868e-18
"LH1313",-4.9065389333868e-18
"LH1314",4.9065389333868e-18
"LH1315",4.9065389333868e-18
"LH1316",0.000268648121502559
"LH1317",6.1992107854543e-06
"LH1318",0.000177257833336296
"LH1319",0.0103802266200043
"LH1320",0.0222108678948976
"LH1321",0
"LH1322",0
"LH1323",0
"LH1324",0
"LH1325",0
"LH1326",0
"LH1327",0
"LH1328",0
"LH1329",0
"LH1330",0
"LH1331",1.96734792180176e-07
"LH1332",1.47095217825128e-05
"LH1333",0
"LH1334",-4.79154192713554e-21
"LH1335",0.000719532022357161
"LH1336",5.82431403453753e-05
"LH1337",0
"LH1338",0.00142457286372142
"LH1339",0.000263106549943135
"LH1340",6.1331736667335e-19
"LH1341",8.40193053158069e-07
"LH1342",0.000471008979998449
"LH1343",0.000890301185002152
"LH1344",0.000103290914805563
"LH1345",4.61923959451364e-08
"LH1346",3.6799042000401e-18
"LH1347",0
"LH1348",-5.51985630006015e-18
"LH1349",4.9065389333868e-18
"LH1350",5.82019845069088e-06
"LH1351",0.0179954246355792
"LH1352",0.0278028991792693
"LH1353",0
"LH1354",0
"LH1355",0
"LH1356",0
"LH1357",0
"LH1358",0
"LH1359",0
"LH1360",0
"LH1361",0.00593128966389383
"LH1362",0
"LH1363",0.000259103194662753
"LH1364",0.00342054521029139
"LH1365",0
"LH1366",0
"LH1367",0.00139954567944468
"LH1368",0.000113859634674873
"LH1369",1.2266347333467e-18
"LH1370",3.6799042000401e-18
"LH1371",-2.4532694666934e-18
"LH1372",-2.4532694666934e-18
"LH1373",1.56249413446055e-05
"LH1374",0.00545578432344241
"LH1375",0
"LH1376",0.0063265143859135
"LH1377",2.82926003690537e-06
"LH1378",4.9065389333868e-18
"LH1379",-4.9065389333868e-18
"LH1380",-4.9065389333868e-18
"LH1381",0.0032816182824787
"LH1382",6.30384085795143e-06
"LH1383",0.00969965878117081
"LH1384",0.0134800200847299
"LH1385",0
"LH1386",0
"LH1387",0
"LH1388",0
"LH1389",0
"LH1390",0
"LH1391",0
"LH1392",0
"LH1393",0.00188713918971005
"LH1394",6.13616838043796e-19
"LH1395",0.00748889626400579
"LH1396",0.000185540080262553
"LH1397",0.000186668445213442
"LH1398",0.0022945007397321
"LH1399",0
"LH1400",0
"LH1401",3.61533296412141e-07
"LH1402",0.00497553731323851
"LH1403",-4.9065389333868e-18
"LH1404",4.9065389333868e-18
"LH1405",-7.35980840008019e-18
"LH1406",9.81307786677359e-18
"LH1407",4.63425792465465e-08
"LH1408",0.000155222016444786
"LH1409",4.17303341234078e-08
"LH1410",0
"LH1411",4.9065389333868e-18
"LH1412",4.9065389333868e-18
"LH1413",0.0135107599934784
"LH1414",8.0966028736077e-05
"LH1415",0.0112186601976721
"LH1416",0.0095996858269149
"LH1417",0
"LH1418",0
"LH1419",0
"LH1420",0
"LH1421",0
"LH1422",0
"LH1423",0
"LH1424",0
"LH1425",0
"LH1426",0
"LH1427",1.62866514754211e-06
"LH1428",1.32499582850649e-07
"LH1429",9.18256605551021e-06
"LH1430",0.000112870734970314
"LH1431",0
"LH1432",0
"LH1433",1.67733044158273e-07
"LH1434",0.00230839601261502
"LH1435",0.000151782097665639
"LH1436",0.000344956382794053
"LH1437",0
"LH1438",-1.2266347333467e-18
"LH1439",2.06819421809885e-06
"LH1440",0.00695299628103157
"LH1441",0.0124615748061639
"LH1442",1.77662644925625e-05
"LH1443",0.00250301663127895
"LH1444",-2.4532694666934e-18
"LH1445",0.000103615632711469
"LH1446",0.00589930841466228
"LH1447",8.17182156842082e-05
"LH1448",0.0269837116253687
"LH1449",0
"LH1450",0
"LH1451",0
"LH1452",0
"LH1453",0
"LH1454",0
"LH1455",1.8049103339541e-05
"LH1456",4.10203409785502e-05
"LH1457",0
"LH1458",0
"LH1459",0
"LH1460",0
"LH1461",0
"LH1462",0
"LH1463",0
"LH1464",0
"LH1465",0
"LH1466",0
"LH1467",0.000306646838919009
"LH1468",0.00115787276549395
"LH1469",0.000460954051260905
"LH1470",-2.4532694666934e-18
"LH1471",0
"LH1472",0.000650198077707723
"LH1473",0.00146179065027297
"LH1474",0.000130718838179958
"LH1475",0.00190405776403543
"LH1476",0.000515150721468047
"LH1477",1.41450889089507e-05
"LH1478",0.00620060218230537
"LH1479",0.000505805819865764
"LH1480",0.0250867070808057
"LH1481",0
"LH1482",0
"LH1483",0
"LH1484",0
"LH1485",0
"LH1486",0
"LH1487",0.000489027310783595
"LH1488",0.00111141626588286
"LH1489",0
"LH1490",-1.53329341668337e-19
"LH1491",0
"LH1492",0.000651861652542052
"LH1493",0.000651861652542054
"LH1494",-1.2266347333467e-18
"LH1495",-1.2266347333467e-18
"LH1496",1.2266347333467e-18
"LH1497",-1.2266347333467e-18
"LH1498",-1.2266347333467e-18
"LH1499",-1.2266347333467e-18
"LH1500",0.000152173271558474
"LH1501",0.000152173271558472
"LH1502",-1.2266347333467e-18
"LH1503",0
"LH1504",0.000113190286001202
"LH1505",0.000903063875622297
"LH1506",0.000347547331498289
"LH1507",0.00240420093280393
"LH1508",0.000723165184564586
"LH1509",0.00180187988908493
"LH1510",1.27601758351391e-05
"LH1511",0.00494527347610957
"LH1512",0.0173492360987557
"LH1513",0
"LH1514",0
"LH1515",0
"LH1516",0
"LH1517",0
"LH1518",0
"LH1519",0
"LH1520",0.000621105637220692
"LH1521",0.000621105637220693
"LH1522",7.66646708341687e-20
"LH1523",-2.52993413752757e-18
"LH1524",3.29418869247072e-05
"LH1525",3.29418869247047e-05
"LH1526",0
"LH1527",-2.4532694666934e-18
"LH1528",2.4532694666934e-18
"LH1529",0
"LH1530",0
"LH1531",-2.4532694666934e-18
"LH1532",2.4532694666934e-18
"LH1533",0
"LH1534",2.56405761069026e-05
"LH1535",0.0036123963176399
"LH1536",0.000531621579329317
"LH1537",0.0013749125291587
"LH1538",-1.2266347333467e-18
"LH1539",2.54276640029e-07
"LH1540",1.99375331766525e-05
"LH1541",0.000863207796403407
"LH1542",0.00261039197836791
"LH1543",0.000998016786416101
"LH1544",0.0310353946797563
"LH1545",0
"LH1546",0
"LH1547",0
"LH1548",0
"LH1549",0
"LH1550",0
"LH1551",0
"LH1552",4.34414849203136e-05
"LH1553",4.34414849203136e-05
"LH1554",7.98216018285892e-05
"LH1555",0.000400057784376148
"LH1556",-1.53329341668337e-19
"LH1557",0.00635208439083201
"LH1558",1.90022574833114e-06
"LH1559",0
"LH1560",0
"LH1561",-1.53329341668337e-19
"LH1562",0
"LH1563",0
"LH1564",6.64008383976877e-06
"LH1565",0.00028778512290895
"LH1566",5.6717555203188e-06
"LH1567",0.000799070530658737
"LH1568",4.15740424591394e-05
"LH1569",0.00180184335132394
"LH1570",1.82487202077991e-08
"LH1571",9.14607375201948e-08
"LH1572",0
"LH1573",2.4532694666934e-18
"LH1574",0.00503277867308784
"LH1575",0.00723620550759288
"LH1576",0.0189495016679327
"LH1577",0
"LH1578",0
"LH1579",0
"LH1580",0
"LH1581",0
"LH1582",0.000290737726484989
"LH1583",5.80094974935271e-05
"LH1584",1.49735685222986e-22
"LH1585",-1.49735685222986e-22
"LH1586",0.000241790758417681
"LH1587",0.00121183079366068
"LH1588",0
"LH1589",0.00701836599200773
"LH1590",2.09954385815146e-06
"LH1591",-6.1331736667335e-19
"LH1592",7.59978867143301e-07
"LH1593",7.59978867143914e-07
"LH1594",0
"LH1595",0
"LH1596",6.04278533274547e-05
"LH1597",0.00261999770744799
"LH1598",0.000355858091915996
"LH1599",1.2266347333467e-18
"LH1600",2.4532694666934e-18
"LH1601",0
"LH1602",0.000338613371615394
"LH1603",0.00187571852752395
"LH1604",0.000405957011534253
"LH1605",0
"LH1606",4.82083173519652e-05
"LH1607",4.45024846626622e-05
"LH1608",0.0234045545092746
"LH1609",0
"LH1610",0
"LH1611",0
"LH1612",0
"LH1613",0
"LH1614",0.00135859458131486
"LH1615",0.000271073829710136
"LH1616",0
"LH1617",0
"LH1618",0
"LH1619",1.2266347333467e-18
"LH1620",0
"LH1621",5.33999316343127e-06
"LH1622",1.59745870534407e-09
"LH1623",0
"LH1624",0.00465439375185035
"LH1625",0.00128395764604927
"LH1626",0
"LH1627",0
"LH1628",0
"LH1629",1.50676183693562e-05
"LH1630",0.00526118302002951
"LH1631",3.51414023858698e-08
"LH1632",0.00284474423530191
"LH1633",0
"LH1634",5.36361018252899e-06
"LH1635",0.000297151840702638
"LH1636",0.000614244713635562
"LH1637",-2.4532694666934e-18
"LH1638",3.04744670527193e-05
"LH1639",0.00429342376434133
"LH1640",0.0181991902683698
"LH1641",0
"LH1642",0
"LH1643",0
"LH1644",0
"LH1645",0
"LH1646",0
"LH1647",0
"LH1648",0
"LH1649",0
"LH1650",0
"LH1651",0
"LH1652",0
"LH1653",0
"LH1654",0.00453625323022641
"LH1655",3.21980580098154e-05
"LH1656",0.00296375461830798
"LH1657",0.00391467887841317
"LH1658",4.46719396402939e-05
"LH1659",0
"LH1660",0
"LH1661",0.000843322264824083
"LH1662",0.00319575888669693
"LH1663",6.72894714451723e-05
"LH1664",0.0168720668024511
"LH1665",-9.81307786677359e-18
"LH1666",0
"LH1667",0
"LH1668",0
"LH1669",-9.81307786677359e-18
"LH1670",1.3525817609117e-07
"LH1671",0.0041664655929434
"LH1672",0.0152911022596524
"LH1673",0
"LH1674",0
"LH1675",0
"LH1676",0
"LH1677",0
"LH1678",0
"LH1679",0
"LH1680",0
"LH1681",0
"LH1682",0
"LH1683",0
"LH1684",0
"LH1685",0
"LH1686",0.00017369569571353
"LH1687",1.23288180857584e-06
"LH1688",0
"LH1689",0.000394791785407667
"LH1690",5.28020427890188e-06
"LH1691",0.000351827072491808
"LH1692",0.00730056788043835
"LH1693",0.00265056687919832
"LH1694",0.00116493659080037
"LH1695",8.14468734305016e-06
"LH1696",9.54499973580853e-06
"LH1697",3.61952668902714e-08
"LH1698",0.000498130885139381
"LH1699",-2.4532694666934e-18
"LH1700",2.4532694666934e-18
"LH1701",1.53687937955301e-08
"LH1702",6.58397412058007e-06
"LH1703",0.0104722326423774
"LH1704",0.0340708374665188
"LH1705",0
"LH1706",0
"LH1707",0
"LH1708",0
"LH1709",0
"LH1710",0
"LH1711",1.90220577805031e-05
"LH1712",8.86037134935752e-07
"LH1713",0
"LH1714",9.58308385427109e-21
"LH1715",-9.58308385427109e-21
"LH1716",0
"LH1717",0
"LH1718",9.58308385427109e-21
"LH1719",-9.58308385427109e-21
"LH1720",0
"LH1721",0
"LH1722",9.58308385427109e-21
"LH1723",0.000159389520935602
"LH1724",0.0117429114601345
"LH1725",1.2266347333467e-18
"LH1726",0
"LH1727",0.00226118441333209
"LH1728",1.64302547302199e-07
"LH1729",6.20716840817595e-06
"LH1730",0.00791934879276603
"LH1731",6.36068711714649e-08
"LH1732",0
"LH1733",1.41450889089458e-05
"LH1734",0.00493906201764968
"LH1735",0.00225847025477438
"LH1736",0.0252121322423269
"LH1737",0.00432920226559814
"LH1738",-1.21705164949243e-18
"LH1739",9.58308385427109e-21
"LH1740",0
"LH1741",0
"LH1742",-1.21705164949243e-18
"LH1743",0.00503122549730091
"LH1744",0.00795928289809344
"LH1745",0.0033271360768033
"LH1746",4.44993001338296e-05
"LH1747",1.2266347333467e-18
"LH1748",1.2266347333467e-18
"LH1749",0
"LH1750",-1.2266347333467e-18
"LH1751",1.2266347333467e-18
"LH1752",1.2266347333467e-18
"LH1753",0
"LH1754",-1.2266347333467e-18
"LH1755",1.53581028240165e-07
"LH1756",0.000513391449974545
"LH1757",-3.6799042000401e-18
"LH1758",0
"LH1759",0.00503505217000401
"LH1760",2.9756499894473e-06
"LH1761",0.00749341567619531
"LH1762",0.00741245091568053
"LH1763",1.32945441080059e-06
"LH1764",0
"LH1765",2.08126195483011e-08
"LH1766",1.02377000371859e-05
"LH1767",0.00270725935408607
"LH1768",0.0151461413383555
"LH1769",0.00159013471328363
"LH1770",-3.06658683336675e-19
"LH1771",-2.99471370445971e-22
"LH1772",3.06958154707121e-19
"LH1773",-2.99471370445971e-22
"LH1774",-3.06658683336675e-19
"LH1775",2.86518987855417e-06
"LH1776",9.45402815600497e-05
"LH1777",0.000407117932078892
"LH1778",5.44506224910629e-06
"LH1779",-2.99471370445971e-22
"LH1780",2.99471370445971e-22
"LH1781",0
"LH1782",8.1012991619071e-06
"LH1783",1.61641318142197e-06
"LH1784",0
"LH1785",9.58308385427109e-21
"LH1786",-6.03734282819079e-19
"LH1787",-1.91661677085422e-20
"LH1788",0
"LH1789",9.58308385427109e-21
"LH1790",-6.03734282819079e-19
"LH1791",0.000446528495664625
"LH1792",0.00733933183878452
"LH1793",2.52382499362434e-05
"LH1794",0
"LH1795",0
"LH1796",-1.2266347333467e-18
"LH1797",7.18068823816883e-06
"LH1798",0.00729787456141816
"LH1799",0.00463773592834396
"LH1800",0.02622572030822
"LH1801",0
"LH1802",0
"LH1803",0
"LH1804",0
"LH1805",0
"LH1806",0
"LH1807",0
"LH1808",0
"LH1809",0
"LH1810",0
"LH1811",0
"LH1812",0
"LH1813",0
"LH1814",0.00159429548581878
"LH1815",0.000318102095337533
"LH1816",0
"LH1817",-1.2266347333467e-18
"LH1818",-1.83995210002005e-18
"LH1819",-1.2266347333467e-18
"LH1820",0
"LH1821",0.000142398396070376
"LH1822",0.00175033988602917
"LH1823",4.0534987145645e-07
"LH1824",0.000107259701669741
"LH1825",4.75552786733415e-08
"LH1826",0
"LH1827",0
"LH1828",0
"LH1829",0.00631044061386003
"LH1830",0.00519976102613937
"LH1831",0.000723571985844747
"LH1832",0.0296539981738101
"LH1833",0
"LH1834",0
"LH1835",0
"LH1836",0.00631967806604458
"LH1837",2.82620278840168e-06
"LH1838",-1.2266347333467e-18
"LH1839",0
"LH1840",0
"LH1841",-9.96640720844193e-19
"LH1842",-1.2266347333467e-18
"LH1843",0
"LH1844",0
"LH1845",-9.96640720844193e-19
"LH1846",4.34627872262802e-07
"LH1847",8.6719204870614e-08
"LH1848",0
"LH1849",1.36005573025655e-05
"LH1850",4.06860607765702e-09
"LH1851",8.84896042349129e-07
"LH1852",0.00295803503507454
"LH1853",0.00182372870463592
"LH1854",0.000440283037235357
"LH1855",3.06658683336675e-19
"LH1856",-2.75992815003007e-18
"LH1857",3.06658683336675e-19
"LH1858",-3.06658683336675e-19
"LH1859",3.06658683336675e-19
"LH1860",-2.75992815003007e-18
"LH1861",1.12575662018703e-05
"LH1862",0.000421024443235071
"LH1863",0.00723341792407781
"LH1864",0.0284279741045973
"LH1865",0
"LH1866",0
"LH1867",0
"LH1868",0.00025937266956531
"LH1869",1.15993212676397e-07
"LH1870",7.66646708341687e-20
"LH1871",-7.66646708341687e-20
"LH1872",-7.66646708341687e-20
"LH1873",0
"LH1874",7.66646708341687e-20
"LH1875",-7.66646708341687e-20
"LH1876",-7.66646708341687e-20
"LH1877",0
"LH1878",7.66646708341687e-20
"LH1879",1.7593829067265e-06
"LH1880",0.00588127421657309
"LH1881",0.00629584449388338
"LH1882",0.00268797215007705
"LH1883",1.00354898022827e-06
"LH1884",0.00335466868520689
"LH1885",0.00606047343376819
"LH1886",4.9065389333868e-18
"LH1887",0
"LH1888",2.4532694666934e-18
"LH1889",-2.4532694666934e-18
"LH1890",4.9065389333868e-18
"LH1891",0
"LH1892",2.4532694666934e-18
"LH1893",0.000592024658221872
"LH1894",1.42485467688201e-05
"LH1895",0.00709366610495972
"LH1896",0.0173773385866803
"LH1897",0
"LH1898",0
"LH1899",0
"LH1900",0
"LH1901",0
"LH1902",0
"LH1903",0
"LH1904",0
"LH1905",0
"LH1906",0
"LH1907",2.49541959153858e-05
"LH1908",0.0018657822763057
"LH1909",-6.1331736667335e-19
"LH1910",-2.39577096356777e-21
"LH1911",3.13749016278162e-07
"LH1912",0.00104880182299047
"LH1913",6.22744312422346e-06
"LH1914",0.00447052606248593
"LH1915",-1.2266347333467e-18
"LH1916",1.2266347333467e-18
"LH1917",-1.2266347333467e-18
"LH1918",0
"LH1919",-1.2266347333467e-18
"LH1920",0.00028661808770688
"LH1921",1.28177548003538e-07
"LH1922",0
"LH1923",-1.2266347333467e-18
"LH1924",1.83995210002005e-18
"LH1925",0.00305547211033197
"LH1926",0.0105651524509329
"LH1927",0.00505667606461653
"LH1928",0.0175493515461262
"LH1929",0
"LH1930",0
"LH1931",0
"LH1932",0
"LH1933",0
"LH1934",3.23532319013042e-05
"LH1935",0.00455811504767825
"LH1936",0.0042797022651026
"LH1937",1.9139118082864e-06
"LH1938",2.29994012502506e-18
"LH1939",1.97416075310094e-05
"LH1940",0.00147604601494832
"LH1941",-6.1331736667335e-19
"LH1942",0
"LH1943",0
"LH1944",0
"LH1945",-6.1331736667335e-19
"LH1946",0
"LH1947",0
"LH1948",0
"LH1949",-6.1331736667335e-19
"LH1950",9.99052360453549e-06
"LH1951",5.00714925086327e-05
"LH1952",0.00640151995080648
"LH1953",2.86280303298726e-06
"LH1954",-2.4532694666934e-18
"LH1955",0
"LH1956",0
"LH1957",4.39748451072963e-07
"LH1958",0.00235045393466182
"LH1959",0.00961855352565921
"LH1960",0.0118062494342653
"LH1961",0
"LH1962",0
"LH1963",0
"LH1964",0
"LH1965",0
"LH1966",1.37214017949263e-06
"LH1967",0.000193315240305781
"LH1968",0.00168356755093898
"LH1969",7.52902799351632e-07
"LH1970",6.1331736667335e-19
"LH1971",0
"LH1972",0
"LH1973",-6.1331736667335e-19
"LH1974",6.1331736667335e-19
"LH1975",1.02819869207413e-05
"LH1976",8.36488077325187e-07
"LH1977",-6.1331736667335e-19
"LH1978",6.1331736667335e-19
"LH1979",0
"LH1980",0
"LH1981",-6.1331736667335e-19
"LH1982",0.000336891409063876
"LH1983",0.00168846562331428
"LH1984",0.006021879182805
"LH1985",2.69302511299186e-06
"LH1986",6.1331736667335e-19
"LH1987",-6.1331736667335e-19
"LH1988",6.1331736667335e-19
"LH1989",2.4532694666934e-18
"LH1990",0.00015737904102086
"LH1991",0.0128048133036893
"LH1992",0.019991919514991
"LH1993",0
"LH1994",0
"LH1995",0
"LH1996",0
"LH1997",0
"LH1998",0
"LH1999",0
"LH11000",0
"LH11001",0
"LH11002",0
"LH11003",0
"LH11004",0.00268276720772479
"LH11005",6.1899652775023e-05
"LH11006",2.4532694666934e-18
"LH11007",0.00425140940084481
"LH11008",0.000173590848384991
"LH11009",2.48715819610677e-08
"LH11010",0.000342290697220274
"LH11011",3.6799042000401e-18
"LH11012",0
"LH11013",0
"LH11014",0
"LH11015",3.6799042000401e-18
"LH11016",8.73446494042348e-07
"LH11017",3.90611181191501e-10
"LH11018",9.98399974472449e-05
"LH11019",1.79067256553041e-08
"LH11020",0
"LH11021",-3.6799042000401e-18
"LH11022",0.0029613887827202
"LH11023",0.0169800895375434
"LH11024",0.0182228119109138
"HL11",-0.485119223908415
"HL12",-2.47772552822
"HL13",-4.47770065883123
"HL14",-6.47770060369312
"HL15",-8.47770060369312
"HL16",-10.4777006036931
"HL17",-12.4777006036931
"HL18",-14.4777006036931
"HL19",-16.4777006036931
"HL110",-18.4777006036931
"HL111",-20.4777006036931
"HL112",-22.4777006036931
"HL113",-24.4777006036931
"HL114",-26.4777006036931
"HL115",-28.4777006036931
"HL116",-30.4777006036931
"HL117",-32.4777006036931
"HL118",-34.4777006036931
"HL119",-36.4777006036931
"HL120",-38.4777006036931
"HL121",-40.4777006036931
"HL122",-42.4760734848546
"HL123",-44.4737345717087
"HL124",-46.473689359982
"HL125",-48.4625666851376
"HL126",-50.4606156435581
"HL127",-52.4606156435581
"HL128",-54.4604347800356
"HL129",-56.4600759871022
"HL130",-58.4591829377982
"HL131",-60.4546951261236
"HL132",-62.4226220413007
"HL133",-0.000174214073224515
"HL134",-0.000633055943876922
"HL135",-0.00181277876368474
"HL136",-0.00181539433620366
"HL137",-0.00181539433620366
"HL138",-0.00181539433620366
"HL139",-0.00181539433620366
"HL140",-0.00181539433620366
"HL141",-0.00181539433620366
"HL142",-0.00181539433620366
"HL143",-0.00181539433620366
"HL144",-0.00181539433620366
"HL145",-0.00181539433620366
"HL146",-0.00181539433620366
"HL147",-0.00181539433620366
"HL148",-0.00181539433620366
"HL149",-0.00181539433620366
"HL150",-0.00181539433620366
"HL151",-0.00181539433620366
"HL152",-0.00181539433620366
"HL153",-0.00181539433620366
"HL154",-0.00755135386513902
"HL155",-0.015654953354274
"HL156",-0.0156732311519462
"HL157",-0.0200981966690005
"HL158",-0.0208743851158209
"HL159",-0.0208581062856963
"HL160",-0.0210303534951669
"HL161",-0.0303373543076129
"HL162",-0.0396965685915869
"HL163",-0.047340741431037
"HL164",-0.038424077964164
"HL165",0
"HL166",-4.16694724234876e-06
"HL167",-1.73683280148905e-05
"HL168",-1.73975968975303e-05
"HL169",-1.73975968975303e-05
"HL170",-1.73975968975303e-05
"HL171",-1.73975968975303e-05
"HL172",-1.73975968975303e-05
"HL173",-1.73975968975303e-05
"HL174",-1.73975968975303e-05
"HL175",-1.73975968975303e-05
"HL176",-1.73975968975303e-05
"HL177",-1.73975968975303e-05
"HL178",-1.73975968975303e-05
"HL179",-1.73975968975303e-05
"HL180",-1.73975968975303e-05
"HL181",-1.73975968975303e-05
"HL182",-1.73975968975303e-05
"HL183",-1.73975968975303e-05
"HL184",-1.73975968975303e-05
"HL185",-1.73975968975303e-05
"HL186",-0.00123802650126845
"HL187",-0.00510512296575068
"HL188",-0.00511369673500451
"HL189",-0.00511369673500452
"HL190",-0.00511369673500451
"HL191",-0.00514237258519904
"HL192",-0.0141891570687808
"HL193",-0.0163416200778049
"HL194",-0.0122861871246998
"HL195",0.000990519220786364
"HL196",0.0158847212051372
"HL197",0
"HL198",0
"HL199",0
"HL1100",0
"HL1101",0
"HL1102",0
"HL1103",0
"HL1104",0
"HL1105",0
"HL1106",0
"HL1107",0
"HL1108",0
"HL1109",0
"HL1110",0
"HL1111",0
"HL1112",0.010557245029538
"HL1113",0.0335025068730925
"HL1114",0.0335610222788927
"HL1115",0.0335610222788927
"HL1116",0.0335610222788927
"HL1117",0.0335610222788927
"HL1118",0.0316432307165576
"HL1119",0.0269338984651219
"HL1120",0.0369700612105132
"HL1121",0.0371727257043237
"HL1122",0.0374399478543134
"HL1123",0.0489595766383595
"HL1124",0.0502783915962227
"HL1125",0.0502783915962227
"HL1126",0.0498771757532803
"HL1127",0.0417093144403424
"HL1128",0.0208165616441026
"HL1129",0
"HL1130",0
"HL1131",0
"HL1132",0
"HL1133",0
"HL1134",0
"HL1135",0
"HL1136",0
"HL1137",0
"HL1138",0
"HL1139",0
"HL1140",0
"HL1141",0
"HL1142",0
"HL1143",0
"HL1144",-0.00129162043687064
"HL1145",-0.00325350069980707
"HL1146",-0.0032433032846651
"HL1147",-0.00324326150637136
"HL1148",-0.00324326150637136
"HL1149",-0.00114946539684988
"HL1150",0.0076507425862786
"HL1151",0.00483217530999715
"HL1152",-0.0161035959021761
"HL1153",-0.0229803008368845
"HL1154",-0.0264256839959719
"HL1155",-0.0404617628493326
"HL1156",-0.0470116202911434
"HL1157",-0.0460042814536905
"HL1158",-0.0439441721452524
"HL1159",-0.0381251098386769
"HL1160",-0.0235898960576909
"HL1161",0
"HL1162",0
"HL1163",0
"HL1164",0
"HL1165",0
"HL1166",0
"HL1167",0
"HL1168",0
"HL1169",0
"HL1170",0
"HL1171",0
"HL1172",7.72412075359944e-05
"HL1173",0.000230451817831218
"HL1174",0.00026077075571746
"HL1175",0.000285386729108108
"HL1176",0.000285386729108108
"HL1177",0.000702653864089459
"HL1178",0.00245642423153906
"HL1179",0.00246198320737449
"HL1180",0.0025357054302468
"HL1181",0.00331784720721831
"HL1182",-0.00193025527345647
"HL1183",5.64083124603171e-05
"HL1184",0.0147913851134161
"HL1185",0.0149522406688749
"HL1186",0.0149526093179847
"HL1187",0.0186458232939834
"HL1188",0.0237760151412869
"HL1189",0.00194039248448046
"HL1190",-0.000416064194726853
"HL1191",0.000369855146320416
"HL1192",0.0154781418142264
"HL1193",0
"HL1194",0
"HL1195",0
"HL1196",0
"HL1197",0
"HL1198",0
"HL1199",0
"HL1200",0
"HL1201",0
"HL1202",0
"HL1203",0
"HL1204",-0.00415851558485254
"HL1205",-0.0124071126332148
"HL1206",-0.0147394716122972
"HL1207",-0.0166337527084863
"HL1208",-0.0166337527084863
"HL1209",-0.0166409784606869
"HL1210",-0.0166713482382934
"HL1211",-0.0166710435279196
"HL1212",-0.0148972919742463
"HL1213",-0.0290250351630329
"HL1214",-0.0295832590352415
"HL1215",-0.0297899596478313
"HL1216",-0.0278132831621223
"HL1217",-0.0122915094347597
"HL1218",-0.0121889427032151
"HL1219",-0.025004080484794
"HL1220",-0.0372911567385901
"HL1221",-0.0419971373359175
"HL1222",-0.0290009890640034
"HL1223",-0.0206241443757021
"HL1224",-0.00664370859161534
"HL1225",0
"HL1226",0
"HL1227",2.28388638787988e-05
"HL1228",7.9425024462317e-05
"HL1229",7.94894687823929e-05
"HL1230",7.94894687823929e-05
"HL1231",0.00184447486049051
"HL1232",0.00621744837321726
"HL1233",0.00622242862460438
"HL1234",0.00622242862460438
"HL1235",0.00622242862460438
"HL1236",0.0062241658696305
"HL1237",0.006236367738414
"HL1238",0.00622940518570912
"HL1239",0.00622370207104499
"HL1240",0.00622370207104499
"HL1241",0.00622370207104499
"HL1242",0.00622370207104499
"HL1243",0.00622214262106311
"HL1244",-0.00284726366279324
"HL1245",-0.00822312957654467
"HL1246",-0.00822312957654467
"HL1247",-0.00822496724306364
"HL1248",-0.0121847198398923
"HL1249",-0.0254930321068553
"HL1250",-0.0278153012262875
"HL1251",-0.0278153012262875
"HL1252",-0.0276570697827618
"HL1253",-0.0267928773844783
"HL1254",-0.0115804653763435
"HL1255",0.0029976619284785
"HL1256",0.00914963614217291
"HL1257",0
"HL1258",0
"HL1259",-0.00198319589705205
"HL1260",-0.00689681340861908
"HL1261",-0.00690240938361333
"HL1262",-0.00690240938361333
"HL1263",-0.0102163361185147
"HL1264",-0.0184270068146705
"HL1265",-0.0184363577069192
"HL1266",-0.0184363577069192
"HL1267",-0.0184363577069192
"HL1268",-0.0180664042753945
"HL1269",-0.0159573401890655
"HL1270",-0.0159488188746147
"HL1271",-0.0159337507223232
"HL1272",-0.0158964174779995
"HL1273",-0.0158963749602616
"HL1274",-0.0158958254610703
"HL1275",-0.0158950355796849
"HL1276",-0.0158639113424724
"HL1277",-0.00816054383472629
"HL1278",-0.00680928700841208
"HL1279",-0.00680928700841208
"HL1280",-0.00699515552593702
"HL1281",-0.00719708951825833
"HL1282",-0.00719709223212814
"HL1283",-0.00719709223212814
"HL1284",-0.00727025290501356
"HL1285",-0.00770052120937485
"HL1286",-0.0272957558837152
"HL1287",-0.0294181767227464
"HL1288",-0.0195004508556374
"HL1289",0
"HL1290",0
"HL1291",-2.16142478537551e-06
"HL1292",-7.51662680608512e-06
"HL1293",-7.52272568873655e-06
"HL1294",-7.52272568873655e-06
"HL1295",-7.52272568873655e-06
"HL1296",-7.52272568873655e-06
"HL1297",-7.52272568873655e-06
"HL1298",-7.52272568873655e-06
"HL1299",-7.52272568873655e-06
"HL1300",-1.34940125902536e-05
"HL1301",-4.75356667012986e-05
"HL1302",-4.76732062104026e-05
"HL1303",-0.00118357844555341
"HL1304",-0.0039979266820605
"HL1305",-0.00400113186079482
"HL1306",0.00183066050596247
"HL1307",0.0129738641225285
"HL1308",0.0130096773713694
"HL1309",0.00595866826404893
"HL1310",0.00485193003985884
"HL1311",0.0114557461501004
"HL1312",0.0121084570917617
"HL1313",0.0121084570917617
"HL1314",0.0121084570917617
"HL1315",0.0121084570917617
"HL1316",0.011839347300094
"HL1317",0.0103051811087085
"HL1318",0.0101777039250777
"HL1319",0.0278305773403718
"HL1320",0.0180062045701201
"HL1321",0
"HL1322",0
"HL1323",0
"HL1324",0
"HL1325",0
"HL1326",0
"HL1327",0
"HL1328",0
"HL1329",0
"HL1330",0
"HL1331",1.96734792180176e-07
"HL1332",6.22635001436069e-05
"HL1333",7.70307820160975e-05
"HL1334",7.70307820160975e-05
"HL1335",0.000787740929661296
"HL1336",0.00603321007636361
"HL1337",0.00609124182245425
"HL1338",0.00468939658265669
"HL1339",-0.00850822753661794
"HL1340",-0.00876500952913234
"HL1341",-0.00876416933607918
"HL1342",-0.00820260706819747
"HL1343",-0.0168485107003108
"HL1344",-0.0176273213237182
"HL1345",-0.0174187203579447
"HL1346",-0.0174186741655487
"HL1347",-0.0174186741655487
"HL1348",-0.0174186741655487
"HL1349",-0.0174186741655487
"HL1350",-0.0174233345457114
"HL1351",-0.0141002784845465
"HL1352",0.00760023479063767
"HL1353",0
"HL1354",0
"HL1355",0
"HL1356",0
"HL1357",0
"HL1358",0
"HL1359",0
"HL1360",0
"HL1361",0.00701007088070993
"HL1362",0.0136509862689454
"HL1363",0.0138504986803442
"HL1364",0.00906201921809563
"HL1365",0.00778930227093838
"HL1366",0.00778930227093838
"HL1367",0.00640389083003921
"HL1368",-0.00378511673824621
"HL1369",-0.0038976585426202
"HL1370",-0.0038976585426202
"HL1371",-0.0038976585426202
"HL1372",-0.0038976585426202
"HL1373",-0.00391175968506186
"HL1374",-0.0162934483998337
"HL1375",-0.0212908488283176
"HL1376",-0.0260227314387573
"HL1377",-0.0354084854631241
"HL1378",-0.0354105638354101
"HL1379",-0.0354105638354101
"HL1380",-0.0354105638354101
"HL1381",-0.032045473125082
"HL1382",-0.0262615302790808
"HL1383",-0.0170691833974546
"HL1384",-0.0212302717098572
"HL1385",0
"HL1386",0
"HL1387",0
"HL1388",0
"HL1389",0
"HL1390",0
"HL1391",0
"HL1392",0
"HL1393",-0.00226467496205541
"HL1394",-0.0044100904736518
"HL1395",-0.00963106968242807
"HL1396",-0.0247017614469854
"HL1397",-0.0245852851117981
"HL1398",-0.00946816910258946
"HL1399",-0.00741267691336519
"HL1400",-0.00741267691336519
"HL1401",-0.00741231984315062
"HL1402",-0.000721781889959479
"HL1403",0.00471635719012059
"HL1404",0.00471635719012058
"HL1405",0.00471635719012058
"HL1406",0.00471635719012059
"HL1407",0.00471640353269984
"HL1408",0.00498560807080206
"HL1409",0.00514482648135799
"HL1410",0.0051448686920155
"HL1411",0.0051448686920155
"HL1412",0.0051448686920155
"HL1413",0.00477106129194643
"HL1414",-0.00167332009035142
"HL1415",-0.0113264830807195
"HL1416",-0.0163798736192489
"HL1417",0
"HL1418",0
"HL1419",0
"HL1420",0
"HL1421",0
"HL1422",0
"HL1423",0
"HL1424",0
"HL1425",0
"HL1426",0
"HL1427",-1.63109556503683e-06
"HL1428",-1.36269868693346e-05
"HL1429",-2.29420525076955e-05
"HL1430",-0.000854288551315902
"HL1431",-0.000967327720546215
"HL1432",-0.000967327720546215
"HL1433",-0.00096749496476143
"HL1434",-0.00410120291263577
"HL1435",-0.00649700950820386
"HL1436",-0.00108033668418576
"HL1437",-0.000736351002555671
"HL1438",-0.000736351002555667
"HL1439",-0.000738007682305484
"HL1440",-0.0103342649292915
"HL1441",0.0063326353456999
"HL1442",0.0171916585952194
"HL1443",0.0251309281054194
"HL1444",0.0276369172713862
"HL1445",0.0275300982225129
"HL1446",0.0335036697031329
"HL1447",0.0423043301032288
"HL1448",0.0300163677567735
"HL1449",0
"HL1450",0
"HL1451",0
"HL1452",0
"HL1453",0
"HL1454",0
"HL1455",1.8049103339541e-05
"HL1456",0.000664206054758234
"HL1457",0.000705240236920431
"HL1458",0.000705240236920431
"HL1459",0.000705240236920431
"HL1460",0.000705240236920431
"HL1461",0.000705240236920431
"HL1462",0.000705240236920431
"HL1463",0.000705240236920431
"HL1464",0.000705240236920431
"HL1465",0.000705240236920431
"HL1466",0.000705240236920431
"HL1467",0.000402221647636496
"HL1468",-0.00999195730980332
"HL1469",0.00192974168454861
"HL1470",0.00238361230561377
"HL1471",0.00238361230561377
"HL1472",0.00179837161633706
"HL1473",-0.0152789507821853
"HL1474",-0.012174185318432
"HL1475",-0.0170813899803088
"HL1476",-0.0105254235051019
"HL1477",-0.0100101051403134
"HL1478",-0.00914614778498
"HL1479",-0.0105372824363076
"HL1480",-0.0154922879692652
"HL1481",0
"HL1482",0
"HL1483",0
"HL1484",0
"HL1485",0
"HL1486",0
"HL1487",-0.000423976636658961
"HL1488",-0.0156023179571465
"HL1489",-0.0165662181694671
"HL1490",-0.0165662181694671
"HL1491",-0.0165662181694671
"HL1492",-0.0159811666761928
"HL1493",0.000274242762407586
"HL1494",0.000859294255681833
"HL1495",0.000859294255681833
"HL1496",0.000859294255681833
"HL1497",0.000859294255681833
"HL1498",0.000859294255681833
"HL1499",0.000859294255681833
"HL1500",0.000707336510392533
"HL1501",-0.00351474546946881
"HL1502",-0.00366670321475811
"HL1503",-0.00366670321475811
"HL1504",-0.00355366057273658
"HL1505",-0.001191562456476
"HL1506",-0.0133412453894223
"HL1507",-0.0153021485720927
"HL1508",-0.0334432587196983
"HL1509",-0.0238933443003441
"HL1510",-0.0221423001685443
"HL1511",-0.0231317671750725
"HL1512",-0.0124700713955604
"HL1513",0
"HL1514",0
"HL1515",0
"HL1516",0
"HL1517",0
"HL1518",0
"HL1519",0
"HL1520",0.000574675957157544
"HL1521",0.0165418054927735
"HL1522",0.017116481449931
"HL1523",0.017116481449931
"HL1524",0.0170835395630063
"HL1525",0.0161682631030757
"HL1526",0.016135321216151
"HL1527",0.016135321216151
"HL1528",0.016135321216151
"HL1529",0.016135321216151
"HL1530",0.016135321216151
"HL1531",0.016135321216151
"HL1532",0.016135321216151
"HL1533",0.016135321216151
"HL1534",0.0161602953189
"HL1535",0.0274245667944756
"HL1536",0.0305015279237114
"HL1537",0.0215681321935267
"HL1538",0.0219317952949872
"HL1539",0.0219315406388963
"HL1540",0.0219098113659073
"HL1541",0.0169952401411387
"HL1542",0.0183900305386836
"HL1543",0.0409903426101417
"HL1544",0.012386634582901
"HL1545",0
"HL1546",0
"HL1547",0
"HL1548",0
"HL1549",0
"HL1550",0
"HL1551",0
"HL1552",-4.34414849203136e-05
"HL1553",-0.00125044485491165
"HL1554",-0.0012141777910505
"HL1555",0.00283217581607028
"HL1556",0.00323211113060799
"HL1557",0.00949060676046267
"HL1558",0.0200490619941949
"HL1559",0.0200508774804911
"HL1560",0.0200508774804911
"HL1561",0.0200508774804911
"HL1562",0.0200508774804911
"HL1563",0.0200508774804911
"HL1564",0.0200575175643309
"HL1565",0.0217009685175465
"HL1566",0.0219835838400873
"HL1567",0.0194287429470254
"HL1568",0.0185812491383695
"HL1569",0.00841585208453511
"HL1570",0.00663274598570526
"HL1571",0.00663367237033977
"HL1572",0.0066337639327602
"HL1573",0.0066337639327602
"HL1574",0.00879673981853604
"HL1575",0.0125860209826921
"HL1576",0.0104878218541314
"HL1577",0
"HL1578",0
"HL1579",0
"HL1580",0
"HL1581",0
"HL1582",0.000290690242575437
"HL1583",0.00323175463184939
"HL1584",0.00328969024428062
"HL1585",0.00328969024428062
"HL1586",0.00305161505784792
"HL1587",-0.00903411983652478
"HL1588",-0.010228655128224
"HL1589",-0.0121309631445163
"HL1590",-0.0153402701759025
"HL1591",-0.0153408220040636
"HL1592",-0.0153400620251964
"HL1593",-0.0153189463323179
"HL1594",-0.0153181863534507
"HL1595",-0.0153181863534507
"HL1596",-0.015375767366627
"HL1597",-0.0296263108890321
"HL1598",-0.0312313168073116
"HL1599",-0.0308701333107795
"HL1600",-0.0308701333107795
"HL1601",-0.0308701333107795
"HL1602",-0.0306236296578915
"HL1603",-0.0179321240310072
"HL1604",-0.010326309065888
"HL1605",-0.00992184649849223
"HL1606",-0.00997023481355877
"HL1607",-0.010073228523677
"HL1608",-0.00875155528070492
"HL1609",0
"HL1610",0
"HL1611",0
"HL1612",0
"HL1613",0
"HL1614",-0.00132346279747792
"HL1615",-0.0147136243306125
"HL1616",-0.0149773952333525
"HL1617",-0.0149773952333525
"HL1618",-0.0149773952333525
"HL1619",-0.0149773952333525
"HL1620",-0.0149773952333525
"HL1621",-0.0149829021261036
"HL1622",-0.0149921925824732
"HL1623",-0.014992194179932
"HL1624",-0.0111815742444715
"HL1625",0.0068727382914315
"HL1626",0.00728103420589749
"HL1627",0.00728103420589748
"HL1628",0.00728103420589748
"HL1629",0.00726713247282332
"HL1630",-0.00493946229296633
"HL1631",-0.00986615752882741
"HL1632",-0.00662750113211503
"HL1633",-0.00321787922984268
"HL1634",-0.00322324284002522
"HL1635",-0.00376329745396368
"HL1636",-0.0133765174547735
"HL1637",-0.0139852957366761
"HL1638",-0.0139999452626117
"HL1639",-0.0206074396278414
"HL1640",-0.0206421549038327
"HL1641",0
"HL1642",0
"HL1643",0
"HL1644",0
"HL1645",0
"HL1646",0
"HL1647",0
"HL1648",0
"HL1649",0
"HL1650",0
"HL1651",0
"HL1652",0
"HL1653",0
"HL1654",0.0039884025885303
"HL1655",0.0166241328205505
"HL1656",0.0136758252165998
"HL1657",-0.00328448230356144
"HL1658",0.00963734035054587
"HL1659",0.00968005463378472
"HL1660",0.00968005463378472
"HL1661",0.0105254965130323
"HL1662",0.0172511243471939
"HL1663",0.0273218300457075
"HL1664",0.0159749719063498
"HL1665",0.00154807066106574
"HL1666",0.00154807066106574
"HL1667",0.00154807066106574
"HL1668",0.00154807066106574
"HL1669",0.00154807066106574
"HL1670",0.00154819284866109
"HL1671",0.0064485547195377
"HL1672",0.0118969773582981
"HL1673",0
"HL1674",0
"HL1675",0
"HL1676",0
"HL1677",0
"HL1678",0
"HL1679",0
"HL1680",0
"HL1681",0
"HL1682",0
"HL1683",0
"HL1684",0
"HL1685",0
"HL1686",-0.000175522704969946
"HL1687",-0.000731599354797811
"HL1688",-0.000732832236606386
"HL1689",-0.00112910642650713
"HL1690",-0.00279464361688299
"HL1691",-0.00245639855711675
"HL1692",0.0255913483366437
"HL1693",0.0304991181906075
"HL1694",0.0183605942171294
"HL1695",0.0147159077949385
"HL1696",0.0146676296273553
"HL1697",0.0146580833423991
"HL1698",0.0153362855472914
"HL1699",0.0158875353780858
"HL1700",0.0158875353780858
"HL1701",0.0158875507468796
"HL1702",0.0158998887606847
"HL1703",0.00196278865379577
"HL1704",-0.0152553841107667
"HL1705",0
"HL1706",0
"HL1707",0
"HL1708",0
"HL1709",0
"HL1710",0
"HL1711",1.93067222482044e-05
"HL1712",6.80882577510203e-05
"HL1713",6.91420611627724e-05
"HL1714",6.91420611627724e-05
"HL1715",6.91420611627724e-05
"HL1716",6.91420611627724e-05
"HL1717",6.91420611627724e-05
"HL1718",6.91420611627724e-05
"HL1719",6.91420611627724e-05
"HL1720",6.91420611627724e-05
"HL1721",6.91420611627724e-05
"HL1722",6.91420611627724e-05
"HL1723",-8.59233598833193e-05
"HL1724",-0.000901078635705908
"HL1725",-0.000555535753066837
"HL1726",-0.000555535753066837
"HL1727",0.00193979474397571
"HL1728",0.00500979776345946
"HL1729",0.00501625479600065
"HL1730",-0.00407303603824247
"HL1731",-0.0112288583106193
"HL1732",-0.0112287947037481
"HL1733",-0.0112282905245431
"HL1734",-0.0107855895165396
"HL1735",-0.00848271916217113
"HL1736",0.00945784558380651
"HL1737",0.0087581488090992
"HL1738",0.0131051221226013
"HL1739",0.0131051221226013
"HL1740",0.0131051221226013
"HL1741",0.0131051221226013
"HL1742",0.0131051221226013
"HL1743",0.0115012093774456
"HL1744",0.0134635548661288
"HL1745",0.0229220598156124
"HL1746",0.0363582069672604
"HL1747",0.0364007959051987
"HL1748",0.0364007959051987
"HL1749",0.0364007959051987
"HL1750",0.0364007959051987
"HL1751",0.0364007959051987
"HL1752",0.0364007959051987
"HL1753",0.0364007959051987
"HL1754",0.0364007959051987
"HL1755",0.0364006423241704
"HL1756",0.0355074500071438
"HL1757",0.0349780126899431
"HL1758",0.0349780126899431
"HL1759",0.0294783817411695
"HL1760",0.0227479924523182
"HL1761",0.0247807066512041
"HL1762",0.0196259195832486
"HL1763",0.00945151219579558
"HL1764",0.00945032701319658
"HL1765",0.00945030664350451
"HL1766",0.00943637595186694
"HL1767",0.0109783384942663
"HL1768",0.0136155205015689
"HL1769",-0.00325633506356587
"HL1770",-0.00487256720687398
"HL1771",-0.00487256720687399
"HL1772",-0.00487256720687398
"HL1773",-0.00487256720687398
"HL1774",-0.00487256720687398
"HL1775",-0.00487547527422463
"HL1776",-0.0049903017426732
"HL1777",-0.00551252375274574
"HL1778",-0.00722990815907799
"HL1779",-0.00723535180129715
"HL1780",-0.00723535180129715
"HL1781",-0.00723535180129715
"HL1782",-0.00722724149538871
"HL1783",-0.0071451853118647
"HL1784",-0.00714356889868328
"HL1785",-0.00714356889868328
"HL1786",-0.00714356889868328
"HL1787",-0.00714356889868328
"HL1788",-0.00714356889868328
"HL1789",-0.00714356889868328
"HL1790",-0.00714356889868328
"HL1791",-0.00720723209186897
"HL1792",-0.00471333972656988
"HL1793",0.00458236563181716
"HL1794",0.00455894922534561
"HL1795",0.00455894922534561
"HL1796",0.00455894922534561
"HL1797",0.00456601311138998
"HL1798",0.00841425886810585
"HL1799",0.0245936450896703
"HL1800",0.016121134034451
"HL1801",0
"HL1802",0
"HL1803",0
"HL1804",0
"HL1805",0
"HL1806",0
"HL1807",0
"HL1808",0
"HL1809",0
"HL1810",0
"HL1811",0
"HL1812",0
"HL1813",0
"HL1814",-0.000723873514658765
"HL1815",-0.00804767839176599
"HL1816",-0.00819194899067892
"HL1817",-0.00819194899067892
"HL1818",-0.00819194899067892
"HL1819",-0.00819194899067892
"HL1820",-0.00819194899067892
"HL1821",-0.00805283048698541
"HL1822",0.00454230689246607
"HL1823",0.00625447730703928
"HL1824",0.00613169550039322
"HL1825",0.005916018318359
"HL1826",0.00591597076308033
"HL1827",0.00591597076308032
"HL1828",0.00591597076308032
"HL1829",0.0062768883059129
"HL1830",0.0189359072387834
"HL1831",0.0232394056170121
"HL1832",0.0220024640296073
"HL1833",0
"HL1834",0
"HL1835",0
"HL1836",0.0056381607915298
"HL1837",0.0168215300117167
"HL1838",0.0168240064461716
"HL1839",0.0168240064461716
"HL1840",0.0168240064461716
"HL1841",0.0168240064461716
"HL1842",0.0168240064461716
"HL1843",0.0168240064461716
"HL1844",0.0168240064461716
"HL1845",0.0168240064461716
"HL1846",0.016823571335095
"HL1847",0.0168191690900058
"HL1848",0.016819082370801
"HL1849",0.0168331080086862
"HL1850",0.0168567700959503
"HL1851",0.0168576551363581
"HL1852",0.0219811866938973
"HL1853",0.0271280087426341
"HL1854",0.0259221209422092
"HL1855",0.025481774080171
"HL1856",0.025481774080171
"HL1857",0.025481774080171
"HL1858",0.025481774080171
"HL1859",0.025481774080171
"HL1860",0.025481774080171
"HL1861",0.0254702023477154
"HL1862",0.0243940102253592
"HL1863",0.0259993644185657
"HL1864",0.0257998075915514
"HL1865",0
"HL1866",0
"HL1867",0
"HL1868",-0.000264084673231491
"HL1869",-0.000787900242765621
"HL1870",-0.000788016235978297
"HL1871",-0.000788016235978297
"HL1872",-0.000788016235978297
"HL1873",-0.000788016235978297
"HL1874",-0.000788016235978297
"HL1875",-0.000788016235978297
"HL1876",-0.000788016235978297
"HL1877",-0.000788016235978297
"HL1878",-0.000788016235978297
"HL1879",-0.000786313607998224
"HL1880",0.00911578333704991
"HL1881",0.0141754771587699
"HL1882",0.0164524046668425
"HL1883",0.0194125232199823
"HL1884",0.0136126302859531
"HL1885",0.00302846081411524
"HL1886",-0.00374150854178645
"HL1887",-0.00374150854178645
"HL1888",-0.00374150854178645
"HL1889",-0.00374150854178644
"HL1890",-0.00374150854178645
"HL1891",-0.00374150854178645
"HL1892",-0.00374150854178645
"HL1893",-0.00314784721958698
"HL1894",-0.000640739648184306
"HL1895",-0.00705061604320058
"HL1896",-0.0200859816893028
"HL1897",0
"HL1898",0
"HL1899",0
"HL1900",0
"HL1901",0
"HL1902",0
"HL1903",0
"HL1904",0
"HL1905",0
"HL1906",0
"HL1907",2.47679474466928e-05
"HL1908",0.00783866992876211
"HL1909",0.00969779844027306
"HL1910",0.00969779844027306
"HL1911",0.00969748501317
"HL1912",0.00787466429363484
"HL1913",0.00678778364665877
"HL1914",0.000752848683076162
"HL1915",-0.00414406423042628
"HL1916",-0.00414406423042629
"HL1917",-0.00414406423042628
"HL1918",-0.00414406423042628
"HL1919",-0.00414406423042628
"HL1920",-0.00385223917360299
"HL1921",-0.00327340017293812
"HL1922",-0.00327327199539012
"HL1923",-0.00327327199539011
"HL1924",-0.00327327199539012
"HL1925",-0.00620706674026612
"HL1926",-0.00635771062177217
"HL1927",0.0183441655902725
"HL1928",0.025477559919293
"HL1929",0
"HL1930",0
"HL1931",0
"HL1932",0
"HL1933",0
"HL1934",2.84484651180122e-05
"HL1935",0.0128597896898241
"HL1936",0.0212083414121607
"HL1937",0.0297342877258664
"HL1938",0.0297361757031652
"HL1939",0.0297165189795999
"HL1940",0.0235151285921492
"HL1941",0.0220396581155694
"HL1942",0.0220396581155694
"HL1943",0.0220396581155694
"HL1944",0.0220396581155694
"HL1945",0.0220396581155694
"HL1946",0.0220396581155694
"HL1947",0.0220396581155694
"HL1948",0.0220396581155694
"HL1949",0.0220396581155694
"HL1950",0.0220496486391739
"HL1951",0.0225568111937835
"HL1952",0.0169348039583192
"HL1953",0.00568404762845569
"HL1954",0.00568155627186448
"HL1955",0.00568155627186449
"HL1956",0.00568155627186449
"HL1957",0.00568111652341342
"HL1958",0.00590938045151442
"HL1959",-0.00500012829170023
"HL1960",-0.00511425223677886
"HL1961",0
"HL1962",0
"HL1963",0
"HL1964",0
"HL1965",0
"HL1966",-1.37214017949263e-06
"HL1967",-0.000620259618929688
"HL1968",-0.00252593813520903
"HL1969",-0.00591840093684981
"HL1970",-0.00591915216052878
"HL1971",-0.00591915216052878
"HL1972",-0.00591915216052878
"HL1973",-0.00591915216052878
"HL1974",-0.00591915216052878
"HL1975",-0.00590885483004836
"HL1976",-0.00583312311952483
"HL1977",-0.0058322866314475
"HL1978",-0.0058322866314475
"HL1979",-0.0058322866314475
"HL1980",-0.0058322866314475
"HL1981",-0.0058322866314475
"HL1982",-0.00611338891789418
"HL1983",-0.0203833670836236
"HL1984",-0.0253170087952093
"HL1985",-0.0323053623815941
"HL1986",-0.0323069098758477
"HL1987",-0.0323069098758477
"HL1988",-0.0323069098758477
"HL1989",-0.0323069098758477
"HL1990",-0.0322236761918736
"HL1991",-0.0215967468663498
"HL1992",-0.0012251081031861
"HL1993",0
"HL1994",0
"HL1995",0
"HL1996",0
"HL1997",0
"HL1998",0
"HL1999",0
"HL11000",0
"HL11001",0
"HL11002",0
"HL11003",0
"HL11004",0.00252274621280656
"HL11005",0.0169046466980254
"HL11006",0.0169627543189496
"HL11007",0.0183927902151998
"HL11008",0.0145794185894547
"HL11009",0.0145056783265387
"HL11010",0.0149717050526349
"HL11011",0.0153504964397066
"HL11012",0.0153504964397066
"HL11013",0.0153504964397066
"HL11014",0.0153504964397066
"HL11015",0.0153504964397066
"HL11016",0.0153496071253762
"HL11017",0.0153478431582107
"HL11018",0.0154547840074358
"HL11019",0.0156085074268872
"HL11020",0.0156085253336129
"HL11021",0.0156085253336129
"HL11022",0.0153250833070474
"HL11023",2.87876518061808e-05
"HL11024",-0.0172572027462543
"HH11",-0.492747299182368
"HH12",-0.499992231815908
"HH13",-0.499999944861887
"HH14",-0.5
"HH15",-0.5
"HH16",-0.5
"HH17",-0.5
"HH18",-0.5
"HH19",-0.5
"HH110",-0.499999999999999
"HH111",-0.5
"HH112",-0.500000000000001
"HH113",-0.499999999999999
"HH114",-0.499999999999999
"HH115",-0.500000000000001
"HH116",-0.500000000000001
"HH117",-0.499999999999999
"HH118",-0.499999999999999
"HH119",-0.499999999999999
"HH120",-0.500000000000001
"HH121",-0.499999999999999
"HH122",-0.498480927087369
"HH123",-0.499999727547852
"HH124",-0.499955060725514
"HH125",-0.498052305521557
"HH126",-0.500000000000004
"HH127",-0.499999999999999
"HH128",-0.499822363584858
"HH129",-0.499999872902502
"HH130",-0.499344125003662
"HH131",-0.496285498032399
"HH132",-0.494082542391793
"HH133",-8.49097213439665e-05
"HH134",-0.000368497357332083
"HH135",-2.61557251891914e-06
"HH136",0
"HH137",1.2266347333467e-18
"HH138",0
"HH139",0
"HH140",0
"HH141",1.2266347333467e-18
"HH142",0
"HH143",0
"HH144",0
"HH145",1.2266347333467e-18
"HH146",0
"HH147",0
"HH148",0
"HH149",1.2266347333467e-18
"HH150",0
"HH151",0
"HH152",0
"HH153",1.2266347333467e-18
"HH154",-0.00535049216358986
"HH155",-3.99477687144643e-07
"HH156",-1.78783199850556e-05
"HH157",-0.000774856860012576
"HH158",0
"HH159",1.62788301246443e-05
"HH160",-0.00399611584795265
"HH161",-2.83077486581763e-06
"HH162",-0.00687251135112259
"HH163",-3.85473556154162e-05
"HH164",0.00917436576466694
"HH165",0
"HH166",-4.12357364470468e-06
"HH167",-2.92688826398094e-08
"HH168",0
"HH169",0
"HH170",0
"HH171",0
"HH172",0
"HH173",0
"HH174",0
"HH175",0
"HH176",0
"HH177",0
"HH178",0
"HH179",0
"HH180",0
"HH181",0
"HH182",0
"HH183",0
"HH184",0
"HH185",0
"HH186",-0.00120792342386162
"HH187",-8.57376925383077e-06
"HH188",0
"HH189",2.4532694666934e-18
"HH190",0
"HH191",-2.86758501945264e-05
"HH192",-0.00214404396087777
"HH193",0
"HH194",0.00401322010351754
"HH195",0.000421863976742632
"HH196",-0.000730360476545478
"HH197",0
"HH198",0
"HH199",0
"HH1100",0
"HH1101",0
"HH1102",0
"HH1103",0
"HH1104",0
"HH1105",0
"HH1106",0
"HH1107",0
"HH1108",0
"HH1109",0
"HH1110",0
"HH1111",0
"HH1112",0.00957785594491144
"HH1113",5.85154058002426e-05
"HH1114",0
"HH1115",-1.53329341668337e-19
"HH1116",0
"HH1117",0
"HH1118",-0.0018978293418528
"HH1119",0.00135095103941273
"HH1120",0.000111022432735619
"HH1121",4.53875601588902e-05
"HH1122",0.000221010037459026
"HH1123",0.00130363368205275
"HH1124",0
"HH1125",0
"HH1126",-0.000397039602273153
"HH1127",-0.00623604053941153
"HH1128",-0.00903884560640997
"HH1129",0
"HH1130",0
"HH1131",0
"HH1132",0
"HH1133",0
"HH1134",0
"HH1135",0
"HH1136",0
"HH1137",0
"HH1138",0
"HH1139",0
"HH1140",0
"HH1141",0
"HH1142",0
"HH1143",0
"HH1144",-0.00115005787784181
"HH1145",1.40704732329306e-07
"HH1146",4.1778293737665e-08
"HH1147",3.06658683336675e-19
"HH1148",0
"HH1149",0.00208560652847838
"HH1150",2.78942696449597e-05
"HH1151",-0.00284222016970815
"HH1152",-0.000232699569281245
"HH1153",-0.00329057628868369
"HH1154",-9.5027219902749e-05
"HH1155",-0.0064892493280034
"HH1156",0.000360413043670734
"HH1157",4.95012448687552e-05
"HH1158",0.00199074307445324
"HH1159",-0.00449928865472505
"HH1160",0.00919267519986494
"HH1161",0
"HH1162",0
"HH1163",0
"HH1164",0
"HH1165",0
"HH1166",0
"HH1167",0
"HH1168",0
"HH1169",0
"HH1170",0
"HH1171",0
"HH1172",7.58630099729315e-05
"HH1173",3.55427452064765e-08
"HH1174",2.22439553332434e-05
"HH1175",0
"HH1176",0
"HH1177",0.000415635054855204
"HH1178",5.55897583543184e-06
"HH1179",-1.2266347333467e-18
"HH1180",7.37222228723044e-05
"HH1181",-0.00118752437111893
"HH1182",-1.68687391898623e-05
"HH1183",0.00200054695740746
"HH1184",0.000162753499750624
"HH1185",-9.39994798349553e-07
"HH1186",1.32572072252158e-06
"HH1187",0.00323640922021538
"HH1188",-0.00394527283063292
"HH1189",-0.0021353298808763
"HH1190",-0.000217528812567237
"HH1191",0.0089240511190936
"HH1192",-0.00362273666353674
"HH1193",0
"HH1194",0
"HH1195",0
"HH1196",0
"HH1197",0
"HH1198",0
"HH1199",0
"HH1200",0
"HH1201",0
"HH1202",0
"HH1203",0
"HH1204",-0.0040843161228318
"HH1205",-1.950912997868e-06
"HH1206",-0.00171174641049321
"HH1207",-2.4532694666934e-18
"HH1208",-2.4532694666934e-18
"HH1209",-7.19748971457632e-06
"HH1210",-9.62639482187007e-08
"HH1211",4.00974322002735e-07
"HH1212",0.000782155150736833
"HH1213",-0.000558223872208578
"HH1214",0
"HH1215",-0.000206392378682651
"HH1216",0.00307966156369276
"HH1217",0.000130747016436244
"HH1218",-2.83039015735659e-05
"HH1219",-0.00403591977515761
"HH1220",-0.00467862170284997
"HH1221",0.000119375568124643
"HH1222",0.00350271266706263
"HH1223",0.00344278761103797
"HH1224",0.000845277407032652
"HH1225",0
"HH1226",0
"HH1227",2.25021203888693e-05
"HH1228",6.44443200759546e-08
"HH1229",-4.79154192713554e-21
"HH1230",0
"HH1231",0.00173896188442542
"HH1232",4.98025138711931e-06
"HH1233",-5.98942740891943e-22
"HH1234",6.1331736667335e-19
"HH1235",-5.98942740891943e-22
"HH1236",1.74423593054415e-06
"HH1237",5.36100187160553e-08
"HH1238",-5.15355723846666e-06
"HH1239",0
"HH1240",6.15713137636917e-19
"HH1241",0
"HH1242",0
"HH1243",-1.55944998188147e-06
"HH1244",-0.00521293740857186
"HH1245",1.83995210002005e-18
"HH1246",1.2266347333467e-18
"HH1247",-1.8376665189726e-06
"HH1248",-0.000288470530076856
"HH1249",-0.00231829067562517
"HH1250",0
"HH1251",-4.9065389333868e-18
"HH1252",0.000157959990241846
"HH1253",-3.42231498897809e-05
"HH1254",0.00980644013910854
"HH1255",0.00387319742472406
"HH1256",-0.00156661038902738
"HH1257",0
"HH1258",0
"HH1259",-0.00195395502451429
"HH1260",-5.59597499425378e-06
"HH1261",9.19976050010024e-19
"HH1262",-1.53329341668337e-18
"HH1263",-0.00326506514266093
"HH1264",-9.35089224865038e-06
"HH1265",0
"HH1266",0
"HH1267",-2.4532694666934e-18
"HH1268",0.000369318759479538
"HH1269",8.52131445071883e-06
"HH1270",1.2266347333467e-18
"HH1271",1.48459826504628e-05
"HH1272",4.2517737938574e-08
"HH1273",3.6799042000401e-18
"HH1274",5.13010677124608e-07
"HH1275",9.20106343151401e-11
"HH1276",3.1124145201853e-05
"HH1277",0.00134893868337953
"HH1278",-2.4532694666934e-18
"HH1279",0
"HH1280",-0.000163903767474698
"HH1281",-2.71386981649269e-09
"HH1282",0
"HH1283",2.4532694666934e-18
"HH1284",-7.30351624024009e-05
"HH1285",-1.48724476939375e-05
"HH1286",-0.00969774931795325
"HH1287",0.00019262228577237
"HH1288",0.00758706321447214
"HH1289",0
"HH1290",0
"HH1291",-2.12955604928995e-06
"HH1292",-6.09888265143243e-09
"HH1293",0
"HH1294",0
"HH1295",0
"HH1296",0
"HH1297",0
"HH1298",0
"HH1299",0
"HH1300",-5.96104288552242e-06
"HH1301",-1.37539509104027e-07
"HH1302",0
"HH1303",-0.00111915709037398
"HH1304",-3.20517873431166e-06
"HH1305",-6.1331736667335e-19
"HH1306",0.00546530561629842
"HH1307",6.43016509656309e-05
"HH1308",-2.84884021248016e-05
"HH1309",-0.0012347040345877
"HH1310",0.000130087641782133
"HH1311",0.000651986085894855
"HH1312",-4.9065389333868e-18
"HH1313",-4.9065389333868e-18
"HH1314",4.9065389333868e-18
"HH1315",4.9065389333868e-18
"HH1316",-0.000268648121502569
"HH1317",-6.19921078546411e-06
"HH1318",-0.000119369182911705
"HH1319",0.0070381512252062
"HH1320",-0.00555014019352196
"HH1321",0
"HH1322",0
"HH1323",0
"HH1324",0
"HH1325",0
"HH1326",0
"HH1327",0
"HH1328",0
"HH1329",0
"HH1330",0
"HH1331",1.96734792180176e-07
"HH1332",1.47095217825128e-05
"HH1333",0
"HH1334",-4.79154192713554e-21
"HH1335",0.000709701572183299
"HH1336",5.80317460906337e-05
"HH1337",0
"HH1338",-0.00139287482241261
"HH1339",-0.000256781992514404
"HH1340",6.1331736667335e-19
"HH1341",8.40193053155616e-07
"HH1342",0.000117191472110761
"HH1343",-0.000882996331414545
"HH1344",0.000103290914805573
"HH1345",4.61923959353233e-08
"HH1346",-1.2266347333467e-18
"HH1347",0
"HH1348",4.29322156671345e-18
"HH1349",-4.9065389333868e-18
"HH1350",-4.66038016265603e-06
"HH1351",0.00525975154460264
"HH1352",-0.000242680809040746
"HH1353",0
"HH1354",0
"HH1355",0
"HH1356",0
"HH1357",0
"HH1358",0
"HH1359",0
"HH1360",0
"HH1361",0.00583322386433416
"HH1362",0
"HH1363",0.000196399064241707
"HH1364",-0.00126773469211233
"HH1365",2.4532694666934e-18
"HH1366",0
"HH1367",-0.00138334710556805
"HH1368",-0.000112541804373986
"HH1369",-3.6799042000401e-18
"HH1370",-1.2266347333467e-18
"HH1371",2.4532694666934e-18
"HH1372",2.4532694666934e-18
"HH1373",-1.41011424416709e-05
"HH1374",-0.0049237171634234
"HH1375",0
"HH1376",-0.00464745268902275
"HH1377",-2.07837228596593e-06
"HH1378",-4.9065389333868e-18
"HH1379",4.9065389333868e-18
"HH1380",4.9065389333868e-18
"HH1381",0.0032641761784206
"HH1382",6.10438375995952e-06
"HH1383",0.00487835976646235
"HH1384",0.0039654582531071
"HH1385",0
"HH1386",0
"HH1387",0
"HH1388",0
"HH1389",0
"HH1390",0
"HH1391",0
"HH1392",0
"HH1393",-0.00188448251928144
"HH1394",-6.13017895302904e-19
"HH1395",-0.00514978487460569
"HH1396",-5.04924354755828e-05
"HH1397",0.000166974801147741
"HH1398",0.00205242939861653
"HH1399",0
"HH1400",0
"HH1401",3.5707021456942e-07
"HH1402",0.00491411494778524
"HH1403",4.9065389333868e-18
"HH1404",-4.9065389333868e-18
"HH1405",2.4532694666934e-18
"HH1406",0
"HH1407",4.63425792563596e-08
"HH1408",0.000154606444629929
"HH1409",4.14550462504795e-08
"HH1410",0
"HH1411",4.9065389333868e-18
"HH1412",4.9065389333868e-18
"HH1413",-0.000423182060449425
"HH1414",-5.78583669138818e-05
"HH1415",-0.00197204939444094
"HH1416",-0.000604293822111231
"HH1417",0
"HH1418",0
"HH1419",0
"HH1420",0
"HH1421",0
"HH1422",0
"HH1423",0
"HH1424",0
"HH1425",0
"HH1426",0
"HH1427",-1.62866514754211e-06
"HH1428",-1.32499582850649e-07
"HH1429",-9.18256605551021e-06
"HH1430",-0.000112870734970314
"HH1431",0
"HH1432",0
"HH1433",-1.67244215214676e-07
"HH1434",-0.00230166859173077
"HH1435",0.000151303932183245
"HH1436",0.000343869652292101
"HH1437",0
"HH1438",0
"HH1439",-1.65667974981617e-06
"HH1440",-0.00549934233101772
"HH1441",0.0106485842912483
"HH1442",1.7602215370019e-05
"HH1443",0.00247990441867731
"HH1444",2.4532694666934e-18
"HH1445",-0.000103591636877437
"HH1446",0.00574040892406247
"HH1447",-2.02363356426642e-05
"HH1448",-0.00882698275838067
"HH1449",0
"HH1450",0
"HH1451",0
"HH1452",0
"HH1453",0
"HH1454",0
"HH1455",1.8049103339541e-05
"HH1456",4.10203409785502e-05
"HH1457",0
"HH1458",0
"HH1459",0
"HH1460",0
"HH1461",0
"HH1462",0
"HH1463",0
"HH1464",0
"HH1465",0
"HH1466",0
"HH1467",-0.000303018589283935
"HH1468",-0.00023480214131166
"HH1469",0.000453870621065154
"HH1470",0
"HH1471",0
"HH1472",-0.000585240689276707
"HH1473",-0.000856454811915437
"HH1474",0.000107096870361441
"HH1475",-0.00139891699578393
"HH1476",0.000512625156182694
"HH1477",2.52089602505999e-06
"HH1478",-0.000379708311247687
"HH1479",-0.000345042982857103
"HH1480",0.00609032426517601
"HH1481",0
"HH1482",0
"HH1483",0
"HH1484",0
"HH1485",0
"HH1486",0
"HH1487",-0.000423976636658961
"HH1488",-0.000963575080463344
"HH1489",0
"HH1490",-1.53329341668337e-19
"HH1491",0
"HH1492",0.000585051493274249
"HH1493",0.000585051493274249
"HH1494",-1.2266347333467e-18
"HH1495",-1.2266347333467e-18
"HH1496",1.2266347333467e-18
"HH1497",-1.2266347333467e-18
"HH1498",-1.2266347333467e-18
"HH1499",-1.2266347333467e-18
"HH1500",-0.000151957745289303
"HH1501",-0.000151957745289308
"HH1502",-1.2266347333467e-18
"HH1503",0
"HH1504",0.000113042642021537
"HH1505",-0.000665438783129337
"HH1506",-0.000342534736554445
"HH1507",-0.00161628595100886
"HH1508",-0.000574205240191721
"HH1509",0.00178002877835445
"HH1510",-1.27557143357484e-05
"HH1511",-0.00096209229052373
"HH1512",0.010005552755246
"HH1513",0
"HH1514",0
"HH1515",0
"HH1516",0
"HH1517",0
"HH1518",0
"HH1519",0
"HH1520",0.000574675957157544
"HH1521",0.000574675957157545
"HH1522",-7.66646708341687e-20
"HH1523",-2.37660479585923e-18
"HH1524",-3.29418869247023e-05
"HH1525",-3.29418869247047e-05
"HH1526",0
"HH1527",-2.4532694666934e-18
"HH1528",2.4532694666934e-18
"HH1529",0
"HH1530",0
"HH1531",-2.4532694666934e-18
"HH1532",2.4532694666934e-18
"HH1533",0
"HH1534",2.49741027489543e-05
"HH1535",0.00351849960120035
"HH1536",-0.000478547629351394
"HH1537",0.000362184185830957
"HH1538",1.2266347333467e-18
"HH1539",-2.54276640029e-07
"HH1540",-1.98770915317638e-05
"HH1541",-0.000860588220111485
"HH1542",0.0022543464386568
"HH1543",0.000219230590467993
"HH1544",-0.0139081414937538
"HH1545",0
"HH1546",0
"HH1547",0
"HH1548",0
"HH1549",0
"HH1550",0
"HH1551",0
"HH1552",-4.34414849203136e-05
"HH1553",-4.34414849203136e-05
"HH1554",7.97085487814604e-05
"HH1555",0.000399491173953466
"HH1556",1.53329341668337e-19
"HH1557",0.0060688169150198
"HH1558",1.81548629619487e-06
"HH1559",0
"HH1560",0
"HH1561",1.53329341668337e-19
"HH1562",0
"HH1563",0
"HH1564",6.64008383976877e-06
"HH1565",0.00028778512290895
"HH1566",-5.66435735403496e-06
"HH1567",-0.000798028233149388
"HH1568",-4.10715565134109e-05
"HH1569",-0.00178006531611544
"HH1570",1.82487202102523e-08
"HH1571",9.14607375177415e-08
"HH1572",0
"HH1573",2.4532694666934e-18
"HH1574",0.00213431691490644
"HH1575",0.00126983896981613
"HH1576",-0.00354574460242767
"HH1577",0
"HH1578",0
"HH1579",0
"HH1580",0
"HH1581",0
"HH1582",0.000290367422035519
"HH1583",5.79356124312304e-05
"HH1584",-1.49735685222986e-22
"HH1585",1.49735685222986e-22
"HH1586",-0.000238075186432699
"HH1587",-0.00119320872316911
"HH1588",0
"HH1589",-0.00184465401106631
"HH1590",-5.51828161107606e-07
"HH1591",-6.1331736667335e-19
"HH1592",7.59978867143301e-07
"HH1593",7.59978867143914e-07
"HH1594",0
"HH1595",0
"HH1596",-5.75810131762142e-05
"HH1597",-0.00249457568810068
"HH1598",0.000355858091915996
"HH1599",1.2266347333467e-18
"HH1600",-2.4532694666934e-18
"HH1601",0
"HH1602",0.000246503652887979
"HH1603",0.00141335635558855
"HH1604",0.000404326138682511
"HH1605",0
"HH1606",-4.7882949538182e-05
"HH1607",2.07713806441334e-06
"HH1608",0.00344697040961631
"HH1609",0
"HH1610",0
"HH1611",0
"HH1612",0
"HH1613",0
"HH1614",-0.00132199305094959
"HH1615",-0.00026377090274
"HH1616",0
"HH1617",0
"HH1618",0
"HH1619",-1.2266347333467e-18
"HH1620",0
"HH1621",-5.33999316343127e-06
"HH1622",-1.59745870534407e-09
"HH1623",0
"HH1624",0.00374988635426696
"HH1625",0.000408295914465984
"HH1626",0
"HH1627",0
"HH1628",0
"HH1629",-1.39017330741696e-05
"HH1630",-0.00485408909396735
"HH1631",3.51414023956828e-08
"HH1632",0.00283764888046476
"HH1633",0
"HH1634",-5.36361018252899e-06
"HH1635",-0.000294656237229282
"HH1636",-0.000608572935736219
"HH1637",-2.4532694666934e-18
"HH1638",-1.46495259355633e-05
"HH1639",-0.00206391227520299
"HH1640",0.00219363472881071
"HH1641",0
"HH1642",0
"HH1643",0
"HH1644",0
"HH1645",0
"HH1646",0
"HH1647",0
"HH1648",0
"HH1649",0
"HH1650",0
"HH1651",0
"HH1652",0
"HH1653",0
"HH1654",0.00394688745549491
"HH1655",2.80147744846895e-05
"HH1656",-0.00293308009207706
"HH1657",0.00263980444676863
"HH1658",4.27142832388456e-05
"HH1659",0
"HH1660",0
"HH1661",0.000842135055457136
"HH1662",0.00315048601958607
"HH1663",3.16857061605286e-05
"HH1664",-0.0118891823636847
"HH1665",9.81307786677359e-18
"HH1666",0
"HH1667",0
"HH1668",0
"HH1669",9.81307786677359e-18
"HH1670",1.22187595350853e-07
"HH1671",0.00414905276230416
"HH1672",-9.17449396973359e-05
"HH1673",0
"HH1674",0
"HH1675",0
"HH1676",0
"HH1677",0
"HH1678",0
"HH1679",0
"HH1680",0
"HH1681",0
"HH1682",0
"HH1683",0
"HH1684",0
"HH1685",0
"HH1686",-0.00017369569571353
"HH1687",-1.23288180857584e-06
"HH1688",0
"HH1689",-0.000394724220646946
"HH1690",-5.2793006234768e-06
"HH1691",0.000343524360389718
"HH1692",0.00692215979131522
"HH1693",-0.00260674336441078
"HH1694",-0.001162385819214
"HH1695",-8.13074239335371e-06
"HH1696",-9.54499973580853e-06
"HH1697",3.6195266895178e-08
"HH1698",0.000498130885139376
"HH1699",2.4532694666934e-18
"HH1700",-2.4532694666934e-18
"HH1701",1.53687938004367e-08
"HH1702",4.20959248106879e-06
"HH1703",-0.0100758131650011
"HH1704",-0.00218830851382127
"HH1705",0
"HH1706",0
"HH1707",0
"HH1708",0
"HH1709",0
"HH1710",0
"HH1711",1.90220577805031e-05
"HH1712",8.86037134935752e-07
"HH1713",0
"HH1714",9.58308385427109e-21
"HH1715",-9.58308385427109e-21
"HH1716",0
"HH1717",0
"HH1718",9.58308385427109e-21
"HH1719",-9.58308385427109e-21
"HH1720",0
"HH1721",0
"HH1722",9.58308385427109e-21
"HH1723",-0.000155065421046092
"HH1724",0.00106928639388117
"HH1725",-1.2266347333467e-18
"HH1726",0
"HH1727",0.00225487813287051
"HH1728",1.6384431932876e-07
"HH1729",5.15179319760713e-06
"HH1730",-0.00660506373491395
"HH1731",6.36068711714649e-08
"HH1732",-4.9065389333868e-18
"HH1733",5.04179205014942e-07
"HH1734",0.000176045013049899
"HH1735",0.00212161557713084
"HH1736",-0.00772639188029917
"HH1737",0.00426861022824051
"HH1738",-1.23621781720097e-18
"HH1739",-9.58308385427109e-21
"HH1740",0
"HH1741",0
"HH1742",-1.23621781720097e-18
"HH1743",-0.00158026414432277
"HH1744",0.00520972891600577
"HH1745",0.00318430158364408
"HH1746",4.25889379382812e-05
"HH1747",-1.2266347333467e-18
"HH1748",-1.2266347333467e-18
"HH1749",0
"HH1750",1.2266347333467e-18
"HH1751",-1.2266347333467e-18
"HH1752",-1.2266347333467e-18
"HH1753",0
"HH1754",1.2266347333467e-18
"HH1755",-1.53581028240165e-07
"HH1756",-0.000513391449974545
"HH1757",3.6799042000401e-18
"HH1758",0
"HH1759",-0.00496958238578626
"HH1760",2.24869161637955e-06
"HH1761",0.00168935859959699
"HH1762",-0.00660805498092462
"HH1763",-1.18518259899951e-06
"HH1764",0
"HH1765",-2.03696920596345e-08
"HH1766",-4.14198978693982e-06
"HH1767",0.00154356623864731
"HH1768",-0.0075766009792896
"HH1769",-0.0015870962530888
"HH1770",3.06658683336675e-19
"HH1771",-2.99471370445971e-22
"HH1772",-3.06359211966229e-19
"HH1773",-2.99471370445971e-22
"HH1774",3.06658683336675e-19
"HH1775",-2.86518987855417e-06
"HH1776",-9.45402815600497e-05
"HH1777",-0.000407011758883474
"HH1778",-5.4436422191526e-06
"HH1779",-2.99471370445971e-22
"HH1780",2.99471370445971e-22
"HH1781",0
"HH1782",8.10129916190832e-06
"HH1783",1.61641318142197e-06
"HH1784",0
"HH1785",9.58308385427109e-21
"HH1786",6.22900450527621e-19
"HH1787",-1.91661677085422e-20
"HH1788",0
"HH1789",9.58308385427109e-21
"HH1790",6.22900450527621e-19
"HH1791",-6.36631931856854e-05
"HH1792",0.00454317936169553
"HH1793",-2.03134434863986e-05
"HH1794",0
"HH1795",0
"HH1796",1.2266347333467e-18
"HH1797",6.85595656790112e-06
"HH1798",0.00282574382772937
"HH1799",0.00402530867969968
"HH1800",-0.0105841070910398
"HH1801",0
"HH1802",0
"HH1803",0
"HH1804",0
"HH1805",0
"HH1806",0
"HH1807",0
"HH1808",0
"HH1809",0
"HH1810",0
"HH1811",0
"HH1812",0
"HH1813",0
"HH1814",-0.000723069630645445
"HH1815",-0.000144270598912927
"HH1816",0
"HH1817",1.2266347333467e-18
"HH1818",6.1331736667335e-19
"HH1819",1.2266347333467e-18
"HH1820",0
"HH1821",0.000139118503693513
"HH1822",0.00171002393720159
"HH1823",-4.0534987145645e-07
"HH1824",-0.000107259701669741
"HH1825",-4.75552786733415e-08
"HH1826",0
"HH1827",0
"HH1828",0
"HH1829",0.000350397304033594
"HH1830",0.00478538043778262
"HH1831",2.23853855908931e-06
"HH1832",-0.00833242685374907
"HH1833",0
"HH1834",0
"HH1835",0
"HH1836",0.00553756035154545
"HH1837",2.47643445487578e-06
"HH1838",-1.2266347333467e-18
"HH1839",0
"HH1840",0
"HH1841",-1.45662874584921e-18
"HH1842",-1.2266347333467e-18
"HH1843",0
"HH1844",0
"HH1845",-1.45662874584921e-18
"HH1846",-4.34627872265255e-07
"HH1847",-8.6719204870614e-08
"HH1848",0
"HH1849",1.36005573025655e-05
"HH1850",4.06860607765702e-09
"HH1851",8.80971801738179e-07
"HH1852",0.00294491706340652
"HH1853",0.00174965481464362
"HH1854",-0.000439690722238586
"HH1855",-3.06658683336675e-19
"HH1856",-2.14661078335672e-18
"HH1857",-3.06658683336675e-19
"HH1858",3.06658683336675e-19
"HH1859",-3.06658683336675e-19
"HH1860",-2.14661078335672e-18
"HH1861",-1.12575662018703e-05
"HH1862",-0.00042100168271436
"HH1863",0.00181588844392442
"HH1864",-0.0117898047293096
"HH1865",0
"HH1866",0
"HH1867",0
"HH1868",-0.00025937266956531
"HH1869",-1.15993212676397e-07
"HH1870",-7.66646708341687e-20
"HH1871",7.66646708341687e-20
"HH1872",7.66646708341687e-20
"HH1873",0
"HH1874",-7.66646708341687e-20
"HH1875",7.66646708341687e-20
"HH1876",7.66646708341687e-20
"HH1877",0
"HH1878",-7.66646708341687e-20
"HH1879",1.70262798007349e-06
"HH1880",0.00569155355627071
"HH1881",-0.000785199993384314
"HH1882",0.00267575731190385
"HH1883",-9.97269572870022e-07
"HH1884",-0.00333367785004077
"HH1885",-0.00594658183382605
"HH1886",-4.9065389333868e-18
"HH1887",0
"HH1888",2.4532694666934e-18
"HH1889",-2.4532694666934e-18
"HH1890",-4.9065389333868e-18
"HH1891",0
"HH1892",2.4532694666934e-18
"HH1893",0.000591339358505995
"HH1894",1.22409774049961e-05
"HH1895",-0.00419417574133745
"HH1896",0.00257240358666442
"HH1897",0
"HH1898",0
"HH1899",0
"HH1900",0
"HH1901",0
"HH1902",0
"HH1903",0
"HH1904",0
"HH1905",0
"HH1906",0
"HH1907",2.47679474466928e-05
"HH1908",0.0018518567988808
"HH1909",-6.1331736667335e-19
"HH1910",2.39577096356777e-21
"HH1911",-3.13427103063471e-07
"HH1912",-0.00104772572984175
"HH1913",-6.22413815446435e-06
"HH1914",-0.00442504200742022
"HH1915",1.2266347333467e-18
"HH1916",-1.2266347333467e-18
"HH1917",1.2266347333467e-18
"HH1918",0
"HH1919",1.2266347333467e-18
"HH1920",0.000286618087706878
"HH1921",1.28177548005991e-07
"HH1922",0
"HH1923",1.2266347333467e-18
"HH1924",-6.1331736667335e-19
"HH1925",-0.00292226585053783
"HH1926",0.00492649614041355
"HH1927",0.0047771343223925
"HH1928",-0.00652403384430087
"HH1929",0
"HH1930",0
"HH1931",0
"HH1932",0
"HH1933",0
"HH1934",2.84484651180122e-05
"HH1935",0.00400798836213125
"HH1936",0.00422171005326004
"HH1937",1.88797729879079e-06
"HH1938",2.60659880836174e-18
"HH1939",-1.96567235652691e-05
"HH1940",-0.00146969938693566
"HH1941",6.1331736667335e-19
"HH1942",0
"HH1943",0
"HH1944",0
"HH1945",6.1331736667335e-19
"HH1946",0
"HH1947",0
"HH1948",0
"HH1949",6.1331736667335e-19
"HH1950",9.99052360453549e-06
"HH1951",5.00714925086327e-05
"HH1952",-0.00557092777234708
"HH1953",-2.49135659121573e-06
"HH1954",2.4532694666934e-18
"HH1955",0
"HH1956",0
"HH1957",-4.39748451072963e-07
"HH1958",0.000459605119510231
"HH1959",-0.00178781507855708
"HH1960",0.00153602987605154
"HH1961",0
"HH1962",0
"HH1963",0
"HH1964",0
"HH1965",0
"HH1966",-1.37214017949263e-06
"HH1967",-0.000193315240305781
"HH1968",-0.0016798128662826
"HH1969",-7.51223678970097e-07
"HH1970",-6.1331736667335e-19
"HH1971",0
"HH1972",0
"HH1973",6.1331736667335e-19
"HH1974",-6.1331736667335e-19
"HH1975",1.02819869207413e-05
"HH1976",8.36488077325187e-07
"HH1977",6.1331736667335e-19
"HH1978",-6.1331736667335e-19
"HH1979",0
"HH1980",0
"HH1981",6.1331736667335e-19
"HH1982",-0.000281102286446679
"HH1983",-0.00140885619083942
"HH1984",-0.00346035519176914
"HH1985",-1.54749425360769e-06
"HH1986",6.1331736667335e-19
"HH1987",-6.1331736667335e-19
"HH1988",6.1331736667335e-19
"HH1989",-2.4532694666934e-18
"HH1990",8.3144682197439e-05
"HH1991",0.00806364190151933
"HH1992",0.000175856298803703
"HH1993",0
"HH1994",0
"HH1995",0
"HH1996",0
"HH1997",0
"HH1998",0
"HH1999",0
"HH11000",0
"HH11001",0
"HH11002",0
"HH11003",0
"HH11004",0.00251841832620845
"HH11005",5.81076209242789e-05
"HH11006",2.4532694666934e-18
"HH11007",0.00120590812731874
"HH11008",-7.37651344979734e-05
"HH11009",2.48715819610677e-08
"HH11010",0.000342290697220274
"HH11011",1.2266347333467e-18
"HH11012",0
"HH11013",0
"HH11014",0
"HH11015",1.2266347333467e-18
"HH11016",-8.73446494042348e-07
"HH11017",-3.90611181191501e-10
"HH11018",9.98399974472449e-05
"HH11019",1.79067256553041e-08
"HH11020",0
"HH11021",-1.2266347333467e-18
"HH11022",-0.000283138933446169
"HH11023",-0.00881787790131748
"HH11024",0.00644927540455938
"LH21",1.00582951953063
"LH22",1.00001470390059
"LH23",1
"LH24",0.999999999999997
"LH25",0.999999999999999
"LH26",0.999999999999999
"LH27",1
"LH28",0.999999999999998
"LH29",1
"LH210",1
"LH211",1.00382562153245
"LH212",1.0000323511842
"LH213",1.00136454057398
"LH214",1.00587388079873
"LH215",1.00543168375813
"LH216",1.02935933208955
"LH217",2.08347362117438e-06
"LH218",1.46344413199035e-08
"LH219",0
"LH220",-1.19788548178389e-21
"LH221",0
"LH222",-1.19788548178389e-21
"LH223",0
"LH224",0.00560693410795322
"LH225",3.30441022244948e-05
"LH226",-1.19788548178389e-21
"LH227",0.00439504496007251
"LH228",0.00507244526499982
"LH229",0.000135075936116505
"LH230",0.00523933948267923
"LH231",0.00235558618469445
"LH232",0.0466539636960067
"LH233",0
"LH234",0
"LH235",0
"LH236",0
"LH237",0
"LH238",3.86206037679972e-05
"LH239",1.51594689431211e-05
"LH240",0.000646142178348076
"LH241",0.00703711239426129
"LH242",3.68738393654342e-05
"LH243",0.00715315757093372
"LH244",0.0184426027293827
"LH245",0.00310585352504715
"LH246",0.0157649565295714
"LH247",0.00378409327276179
"LH248",0.0387771774358787
"LH249",0
"LH250",2.82930802917591e-05
"LH251",0
"LH252",0.00219387684943441
"LH253",0
"LH254",0.00312991232510565
"LH255",0.00485239222145684
"LH256",6.1331736667335e-19
"LH257",1.51848888032812e-05
"LH258",0.00610053069086624
"LH259",0.000291357826792795
"LH260",0.0160853343325417
"LH261",0.00151194527288342
"LH262",0.00656406662073708
"LH263",0.0220887397427369
"LH264",0.0395555562219448
"LH265",0
"LH266",0.00638564529229196
"LH267",0
"LH268",0.00415229505053151
"LH269",0
"LH270",0.0013003973893779
"LH271",2.9952675449199e-05
"LH272",0.00626040901651289
"LH273",0.00406849853845224
"LH274",6.23476082640346e-05
"LH275",0.00136610032445522
"LH276",0.000420666312104616
"LH277",1.35693491069962e-09
"LH278",0.00288583069325315
"LH279",0.0161102435394781
"LH280",0.0347158878061815
"LH281",0
"LH282",0
"LH283",0
"LH284",0
"LH285",0.00337627988545665
"LH286",0.00752788232549588
"LH287",-2.46285255054767e-18
"LH288",0.00779491596266813
"LH289",0.000716789260950706
"LH290",0.000131553274971565
"LH291",0.00731752981630457
"LH292",0.00371895303925859
"LH293",1.43772621641084e-06
"LH294",-4.9065389333868e-18
"LH295",0.00291015142410174
"LH296",0.0537585023379598
"LH297",0
"LH298",0
"LH299",0
"LH2100",0
"LH2101",0.00107422001762298
"LH2102",0.0144484344679969
"LH2103",0.0088657163761314
"LH2104",0
"LH2105",0.00495851571269214
"LH2106",0.00271689556158465
"LH2107",4.9065389333868e-18
"LH2108",0.00616870216521054
"LH2109",0.00635257838051647
"LH2110",0.00126467224159493
"LH2111",0.0194049752475532
"LH2112",0.0345725278759357
"LH2113",0
"LH2114",0
"LH2115",0
"LH2116",0.00907665449419661
"LH2117",0
"LH2118",0.000325930826271025
"LH2119",0.000325930826271026
"LH2120",0
"LH2121",0
"LH2122",0.00579553402383227
"LH2123",0.000306563661409683
"LH2124",0.000381694181854464
"LH2125",0.00901385337358199
"LH2126",0.0169940959140734
"LH2127",0.00780428486059958
"LH2128",0.0379858796642967
"LH2129",0
"LH2130",0
"LH2131",0
"LH2132",0.000332273561070503
"LH2133",0.000372184361984802
"LH2134",0.000216722220911566
"LH2135",0.00554211124705277
"LH2136",0
"LH2137",2.4532694666934e-18
"LH2138",3.32004191988316e-06
"LH2139",0.000159796005761028
"LH2140",0.0025155321288052
"LH2141",0.00159067700170709
"LH2142",1.09406385271401e-05
"LH2143",0.00427873620591667
"LH2144",0.0436251810713442
"LH2145",0
"LH2146",0
"LH2147",0.000825582989442933
"LH2148",0.000164541663601832
"LH2149",0.000120895379208841
"LH2150",0.000606589032785016
"LH2151",0.00610987992040003
"LH2152",0.00235820579170038
"LH2153",0.000642358812458204
"LH2154",3.02139266637279e-05
"LH2155",0.00837433606068006
"LH2156",0.00162336710138981
"LH2157",0.000171988490898962
"LH2158",0.00889811247562412
"LH2159",3.959407496652e-05
"LH2160",0.0261577587645058
"LH2161",0
"LH2162",0
"LH2163",0
"LH2164",0
"LH2165",0
"LH2166",0
"LH2167",0.00237974514093521
"LH2168",0.00152030396756411
"LH2169",0.00816687944774166
"LH2170",0.0148503454688218
"LH2171",0.00955089635158711
"LH2172",0.0147866040314587
"LH2173",0.000339101102446103
"LH2174",0
"LH2175",7.42382681033507e-06
"LH2176",0.0402684187928005
"LH2177",0.00220433884930562
"LH2178",0
"LH2179",0
"LH2180",0.0108728873633334
"LH2181",0.0070194183476691
"LH2182",0
"LH2183",0
"LH2184",0
"LH2185",0
"LH2186",0.0119943059298655
"LH2187",0
"LH2188",0.00498472474206238
"LH2189",0.0135781320306961
"LH2190",6.96530640986026e-07
"LH2191",0.00622125321883829
"LH2192",0.045710888689666
"LH2193",0.000809663191755783
"LH2194",-6.1331736667335e-19
"LH2195",0
"LH2196",5.74132342242851e-05
"LH2197",0.00085891620184209
"LH2198",0
"LH2199",0.000802089137381184
"LH2200",0.000159859254259479
"LH2201",0
"LH2202",0
"LH2203",0.00644604173241812
"LH2204",0.0112739391152516
"LH2205",1.41943841000294e-05
"LH2206",0
"LH2207",0.016960140630674
"LH2208",0.0412075156293708
"LH2209",0
"LH2210",0.00334928592630585
"LH2211",1.47109800053969e-06
"LH2212",-1.2266347333467e-18
"LH2213",0
"LH2214",-1.2266347333467e-18
"LH2215",2.17555538312465e-07
"LH2216",0.00511612870230783
"LH2217",0.00731692569282491
"LH2218",0.00549138329329459
"LH2219",0.00608899748400325
"LH2220",0
"LH2221",4.9065389333868e-18
"LH2222",0
"LH2223",0.00179410623863355
"LH2224",0.0443966578310463
"LH2225",0
"LH2226",0
"LH2227",1.61766159506521e-05
"LH2228",0.00448175531957272
"LH2229",9.56955904145e-07
"LH2230",0.00705041521623793
"LH2231",-2.4532694666934e-18
"LH2232",0.000912346446775741
"LH2233",0.00304843061553111
"LH2234",2.4532694666934e-18
"LH2235",4.99526180226039e-06
"LH2236",0.00342988404828548
"LH2237",1.49549029050215e-06
"LH2238",0
"LH2239",0.0207828974764028
"LH2240",0.0491376583510019
"LH2241",0
"LH2242",0
"LH2243",6.86070089746316e-07
"LH2244",0.000954750706003913
"LH2245",3.76451399676515e-07
"LH2246",0.0013436887634388
"LH2247",3.09498263875132e-05
"LH2248",0.00933182212477049
"LH2249",0.000233013363048073
"LH2250",-5.51985630006015e-18
"LH2251",0.000168445704531938
"LH2252",0.0039112551610831
"LH2253",5.48173277802538e-05
"LH2254",8.9533628215189e-09
"LH2255",0.00156109141986525
"LH2256",0.0525465203327614
"HL21",-1.51627073817614
"HL22",-5.5046059660233
"HL23",-9.50459131726082
"HL24",-13.5045913172608
"HL25",-17.5045913172608
"HL26",-21.5045913172608
"HL27",-25.5045913172608
"HL28",-29.5045913172608
"HL29",-33.5045913172608
"HL210",-37.5045913172608
"HL211",-41.5023928145668
"HL212",-45.4937450719126
"HL213",-49.5010315897462
"HL214",-53.495908736309
"HL215",-57.4720892175924
"HL216",-61.4666116402841
"HL217",-2.08347362117438e-06
"HL218",-1.73829624562104e-05
"HL219",-1.73975968975303e-05
"HL220",-1.73975968975303e-05
"HL221",-1.73975968975303e-05
"HL222",-1.73975968975303e-05
"HL223",-1.73975968975303e-05
"HL224",0.00558953651105569
"HL225",0.0363951528264923
"HL226",0.0364281969287168
"HL227",0.0339594019074697
"HL228",0.0222429868846198
"HL229",0.0276053307505925
"HL230",0.0354739485343413
"HL231",0.0274404911058405
"HL232",0.0129731853718998
"HL233",0
"HL234",0
"HL235",0
"HL236",0
"HL237",0
"HL238",3.86206037679972e-05
"HL239",0.000245611286774339
"HL240",-0.000360755449239968
"HL241",0.00738997321828915
"HL242",0.0144923145229497
"HL243",0.0139963894077594
"HL244",0.0086372584247243
"HL245",-0.00949290930145127
"HL246",-0.0157324871925512
"HL247",0.0204930702352617
"HL248",0.0138214608249531
"HL249",0
"HL250",5.11319441705579e-05
"HL251",7.94894687823929e-05
"HL252",0.00404431717313927
"HL253",0.00624319110668168
"HL254",0.00311625259700445
"HL255",-0.0172524185142741
"HL256",-0.0299722054593213
"HL257",-0.0299946161003251
"HL258",-0.0268260043847335
"HL259",-0.0360066986733091
"HL260",-0.025757738114821
"HL261",0.0141794347780997
"HL262",-0.00550324077574799
"HL263",-0.0120970013431808
"HL264",-0.00491725985254815
"HL265",0
"HL266",-0.0115306157308979
"HL267",-0.017925438471998
"HL268",-0.0254295672736012
"HL269",-0.0295913201784394
"HL270",-0.0308857462809158
"HL271",-0.0469687510420209
"HL272",-0.0357520719938191
"HL273",-0.0254468726250997
"HL274",-0.00688894338543354
"HL275",-0.00751678588809975
"HL276",-0.000643393569094271
"HL277",-0.000610531123770804
"HL278",-0.0032272533822911
"HL279",-0.0516213664720154
"HL280",-0.0588065473084142
"HL281",0
"HL282",0
"HL283",0
"HL284",0
"HL285",0.0105042012416284
"HL286",0.0216083164942571
"HL287",0.0324933372636536
"HL288",0.0356877169790164
"HL289",0.0375399459977642
"HL290",0.0231729172211712
"HL291",0.0294582987350262
"HL292",0.0348049570448769
"HL293",0.050096942071146
"HL294",0.0500983336049665
"HL295",0.0563857427917643
"HL296",0.0359709511968202
"HL297",0
"HL298",0
"HL299",0
"HL2100",0
"HL2101",-0.00334208763067969
"HL2102",-0.0264241798263674
"HL2103",-0.0492578877707057
"HL2104",-0.0594771432463291
"HL2105",-0.0612929854683167
"HL2106",-0.0631915122064212
"HL2107",-0.0601295438660173
"HL2108",-0.0542286511421315
"HL2109",-0.00896868831977703
"HL2110",0.00666178172865066
"HL2111",-0.0187019611738625
"HL2112",-0.0379739475509831
"HL2113",0
"HL2114",0
"HL2115",0
"HL2116",0.00890147575022197
"HL2117",0.0184027303935116
"HL2118",0.0187286612197827
"HL2119",0.0374922244596354
"HL2120",0.0378181552859065
"HL2121",0.0378181552859065
"HL2122",0.0318681476947137
"HL2123",0.0167938987125607
"HL2124",0.0163710044268562
"HL2125",0.00415640133381641
"HL2126",0.0118498562104429
"HL2127",0.0233864417022632
"HL2128",0.00998959458057386
"HL2129",0
"HL2130",0
"HL2131",0
"HL2132",-0.000288832076150189
"HL2133",-0.0168767407071895
"HL2134",-0.0128897889755332
"HL2135",-0.00156149921144475
"HL2136",0.00394957037443163
"HL2137",0.00394957037443163
"HL2138",0.00395289041635152
"HL2139",0.00573381684114116
"HL2140",-0.00480520889730562
"HL2141",-0.0151146565006447
"HL2142",-0.0149105527930149
"HL2143",-0.0190501865959806
"HL2144",-0.0303757873689172
"HL2145",0
"HL2146",0
"HL2147",0.000534522030726241
"HL2148",0.0119916510701374
"HL2149",0.0119772878570369
"HL2150",-0.0010245500897865
"HL2151",-0.0149639442194706
"HL2152",-0.0187091858170672
"HL2153",0.0267108709293654
"HL2154",0.0273222558362927
"HL2155",0.0172059010394944
"HL2156",0.0286640154563592
"HL2157",0.0335389064148059
"HL2158",0.0173511674481774
"HL2159",0.0183548558217454
"HL2160",0.0286173029967595
"HL2161",0
"HL2162",0
"HL2163",0
"HL2164",0
"HL2165",0
"HL2166",0
"HL2167",-0.00220422243596527
"HL2168",-0.0198939897295763
"HL2169",-0.0516343243164944
"HL2170",-0.042972600678684
"HL2171",-0.0156264911246512
"HL2172",-0.0341896064460287
"HL2173",-0.0681942414510852
"HL2174",-0.0673038905178446
"HL2175",-0.0672965865804165
"HL2176",-0.0384761146655245
"HL2177",0.0110868077652897
"HL2178",0.0132911466145953
"HL2179",0.0132911466145953
"HL2180",0.0292024633412121
"HL2181",0.0599472876689511
"HL2182",0.067011205316754
"HL2183",0.067011205316754
"HL2184",0.067011205316754
"HL2185",0.067011205316754
"HL2186",0.0557508557640078
"HL2187",0.032304656883402
"HL2188",0.0372803464369611
"HL2189",0.0510799527536771
"HL2190",0.0564686191109098
"HL2191",0.0502561045040421
"HL2192",0.0302642108299073
"HL2193",-0.00407223243579585
"HL2194",-0.00488189562755163
"HL2195",-0.00488189562755163
"HL2196",-0.00494221692912656
"HL2197",-0.0063808749653727
"HL2198",-0.00724523622946389
"HL2199",-0.00645125739799114
"HL2200",0.0105671579410076
"HL2201",0.0107254007820857
"HL2202",0.0107254007820857
"HL2203",0.0173138409105742
"HL2204",0.0139155540643783
"HL2205",-0.0108488128986555
"HL2206",-0.0108629597274769
"HL2207",0.00266108582354072
"HL2208",0.000864104191757961
"HL2209",0
"HL2210",-0.00308520125307436
"HL2211",-0.0184108355682547
"HL2212",-0.0184121906730426
"HL2213",-0.0184121906730426
"HL2214",-0.0184121906730426
"HL2215",-0.0184124082285809
"HL2216",-0.0132992266631987
"HL2217",0.0116537574134159
"HL2218",0.0222665721697888
"HL2219",0.0289299952288078
"HL2220",0.0292996885264985
"HL2221",0.0292996885264985
"HL2222",0.0292996885264985
"HL2223",0.0306003574626911
"HL2224",0.0274903415499851
"HL2225",0
"HL2226",0
"HL2227",1.61766159506521e-05
"HL2228",0.0191066483080333
"HL2229",0.0322324249556673
"HL2230",0.0314059240646305
"HL2231",0.0301924121617539
"HL2232",0.0292797519659619
"HL2233",0.0242309812256518
"HL2234",0.0162353033800624
"HL2235",0.0162402986418647
"HL2236",0.0198905154497388
"HL2237",0.0353792798990648
"HL2238",0.0353806472118073
"HL2239",0.0141157086729723
"HL2240",0.0370221655973955
"HL2241",0
"HL2242",0
"HL2243",-6.86070089746316e-07
"HL2244",-0.0015750103249336
"HL2245",-0.00593018305006123
"HL2246",-0.00458687073802211
"HL2247",0.0121082134683966
"HL2248",0.0258655685036401
"HL2249",0.0355274515128248
"HL2250",0.0361392562629446
"HL2251",0.0359708105584126
"HL2252",0.0147899216375964
"HL2253",-0.0012280303116743
"HL2254",-0.00102217363619281
"HL2255",0.000381411641792291
"HL2256",0.0334961127892866
"HH21",-1.00156417615778
"HH22",-0.999985351237522
"HH23",-1
"HH24",-0.999999999999997
"HH25",-0.999999999999999
"HH26",-0.999999999999999
"HH27",-1
"HH28",-0.999999999999998
"HH29",-1
"HH210",-1
"HH211",-0.997801497306016
"HH212",-1.00001286054243
"HH213",-1.0005865010056
"HH214",-0.994306982723709
"HH215",-0.995461365545863
"HH216",-1.00271375273333
"HH217",-2.08347362117438e-06
"HH218",-1.46344413199035e-08
"HH219",0
"HH220",1.19788548178389e-21
"HH221",0
"HH222",1.19788548178389e-21
"HH223",0
"HH224",0.00560693410795322
"HH225",3.30441022244948e-05
"HH226",1.19788548178389e-21
"HH227",-0.00246879502124704
"HH228",0.00502423324905924
"HH229",0.000135075936116505
"HH230",-0.00390582472906266
"HH231",-0.00195176261952743
"HH232",-0.00902664700562712
"HH233",0
"HH234",0
"HH235",0
"HH236",0
"HH237",0
"HH238",3.86206037679972e-05
"HH239",1.51594689431211e-05
"HH240",-0.000646142178348076
"HH241",0.00702094900635972
"HH242",3.68738393654348e-05
"HH243",-0.0017375058934187
"HH244",-0.0028387619178212
"HH245",-0.00310357073271189
"HH246",0.00707109381366087
"HH247",-0.000696075023997474
"HH248",-0.000164638954015285
"HH249",0
"HH250",2.82930802917591e-05
"HH251",0
"HH252",0.00219387684943441
"HH253",0
"HH254",-0.00312693850967722
"HH255",-0.00484532115664176
"HH256",6.1331736667335e-19
"HH257",-1.51848888032812e-05
"HH258",0.00318269816686286
"HH259",-0.000291357826792795
"HH260",0.0107453710027946
"HH261",0.00134138937218561
"HH262",-0.00640583517721137
"HH263",0.00385541635948099
"HH264",0.00352496670718787
"HH265",0
"HH266",-0.00638029009027125
"HH267",0
"HH268",-0.00415229505053151
"HH269",0
"HH270",-0.00129442610247639
"HH271",-2.9815135940095e-05
"HH272",0.00622307577218918
"HH273",0.00406794903926089
"HH274",3.10409393001131e-05
"HH275",6.92321156368003e-06
"HH276",0.000234797794579693
"HH277",-1.35693491069962e-09
"HH278",-0.00261672090158539
"HH279",-0.0159248777054228
"HH280",0.0182001012035181
"HH281",0
"HH282",0
"HH283",0
"HH284",0
"HH285",0.00337627988545665
"HH286",0.00746581556014445
"HH287",-2.44368638283913e-18
"HH288",0.00251340178536902
"HH289",-0.000716789260950706
"HH290",-0.000131553274971565
"HH291",0.00640215004053518
"HH292",0.00272249465489642
"HH293",1.39153382047491e-06
"HH294",4.9065389333868e-18
"HH295",0.00290433122565105
"HH296",-0.0134501642603649
"HH297",0
"HH298",0
"HH299",0
"HH2100",0
"HH2101",-0.00107422001762298
"HH2102",-0.0144364385766926
"HH2103",-0.00803436987732319
"HH2104",0
"HH2105",-0.00181564842173538
"HH2106",0.00271689556158466
"HH2107",-4.9065389333868e-18
"HH2108",0.0058988708722469
"HH2109",0.00635253589457108
"HH2110",0.00126467224159493
"HH2111",-0.0128988449587304
"HH2112",0.00866263758777773
"HH2113",0
"HH2114",0
"HH2115",0
"HH2116",0.00843049754277792
"HH2117",0
"HH2118",0.000325930826271025
"HH2119",0.000325930826271026
"HH2120",0
"HH2121",0
"HH2122",-0.0056433607522738
"HH2123",-0.000154390389851219
"HH2124",-0.000268503895853257
"HH2125",0.00354151312306026
"HH2126",0.00706175247159748
"HH2127",-0.00596726037020987
"HH2128",-0.0050006395728915
"HH2129",0
"HH2130",0
"HH2131",0
"HH2132",-0.000288832076150189
"HH2133",-0.000248921275235899
"HH2134",0.00018378033398686
"HH2135",0.00550916936012806
"HH2136",0
"HH2137",-2.4532694666934e-18
"HH2138",3.32004191988316e-06
"HH2139",0.000134155429654118
"HH2140",-0.00166648257334137
"HH2141",0.000214281055192909
"HH2142",-1.08490761067069e-05
"HH2143",0.000800746079942475
"HH2144",-0.0137416544327902
"HH2145",0
"HH2146",0
"HH2147",0.000534522030726241
"HH2148",0.000106532166108305
"HH2149",-0.000120895379208841
"HH2150",-0.000606589032785016
"HH2151",-0.00610058946403036
"HH2152",0.00235744581283323
"HH2153",0.000641598833591059
"HH2154",-3.02139266637279e-05
"HH2155",0.00485597922009371
"HH2156",0.00162336710138981
"HH2157",-0.000166624880716443
"HH2158",0.000804449998435224
"HH2159",-9.11960791379338e-06
"HH2160",-0.0032230918545806
"HH2161",0
"HH2162",0
"HH2163",0
"HH2164",0
"HH2165",0
"HH2166",0
"HH2167",-0.00220422243596527
"HH2168",-0.00151907108575553
"HH2169",-0.00650105716814185
"HH2170",0.0148503454688218
"HH2171",0.00277452607058567
"HH2172",-0.0147383119189258
"HH2173",0.000339101102446103
"HH2174",0
"HH2175",7.28856863422918e-06
"HH2176",0.0192069857086644
"HH2177",0.00220433884930562
"HH2178",0
"HH2179",0
"HH2180",0.0108241058278306
"HH2181",0.0070194183476691
"HH2182",0
"HH2183",0
"HH2184",0
"HH2185",0
"HH2186",-0.0111011136128388
"HH2187",0
"HH2188",0.0019061357596494
"HH2189",0.00289252254274709
"HH2190",6.32923769809655e-07
"HH2191",-0.00619902325434805
"HH2192",-0.0092407387471185
"HH2193",-0.000809663191755783
"HH2194",6.1331736667335e-19
"HH2195",0
"HH2196",-5.74132342242851e-05
"HH2197",-0.00085891620184209
"HH2198",0
"HH2199",0.000793978831472751
"HH2200",0.000158242841078057
"HH2201",0
"HH2202",0
"HH2203",0.00644604173241812
"HH2204",-0.0111511573086056
"HH2205",-1.41468288213536e-05
"HH2206",0
"HH2207",0.00702422527397076
"HH2208",0.00731047569319862
"HH2209",0
"HH2210",-0.00308520125307436
"HH2211",-1.35510478786329e-06
"HH2212",1.2266347333467e-18
"HH2213",0
"HH2214",1.2266347333467e-18
"HH2215",-2.17555538312465e-07
"HH2216",0.00511604198310297
"HH2217",0.00729326360556083
"HH2218",0.000345029245218266
"HH2219",0.000810633358622941
"HH2220",0
"HH2221",4.9065389333868e-18
"HH2222",0
"HH2223",0.000717891355756547
"HH2224",-0.00626973902447147
"HH2225",0
"HH2226",0
"HH2227",1.61766159506521e-05
"HH2228",0.00448175531957272
"HH2229",9.56955904145e-07
"HH2230",-0.00082224525855657
"HH2231",-2.4532694666934e-18
"HH2232",-0.000912346446775741
"HH2233",-0.00304843061553111
"HH2234",-2.4532694666934e-18
"HH2235",4.9952618022702e-06
"HH2236",0.00313805899146218
"HH2237",1.36731274249738e-06
"HH2238",0
"HH2239",-0.0181980246915581
"HH2240",0.017142221432889
"HH2241",0
"HH2242",0
"HH2243",-6.86070089746316e-07
"HH2244",-0.000954750706003913
"HH2245",-3.76451399676515e-07
"HH2246",0.00134368876343881
"HH2247",3.09498263875132e-05
"HH2248",0.00925609041424696
"HH2249",0.000233013363048073
"HH2250",-4.29322156671345e-18
"HH2251",-0.000168445704531938
"HH2252",-0.00391036584675269
"HH2253",5.21243026672705e-05
"HH2254",8.95336282642544e-09
"HH2255",0.00140357632462227
"HH2256",0.00335962127509334
"LH31",2.00956178062287
"LH32",2
"LH33",2
"LH34",2.00280346705398
"LH35",2.00001652205111
"LH36",2.02684222358107
"LH37",2.01216325795459
"LH38",2.06056708561706
"LH39",2.55659720852789e-05
"LH310",0.00198241385217844
"LH311",0.00158426646443682
"LH312",0.00671209092993618
"LH313",0.0066181989116053
"LH314",0.0236207582609571
"LH315",0.0317486414755087
"LH316",0.102468478749992
"LH317",0.00577014689124466
"LH318",0.0037520644008016
"LH319",0.00623348643847123
"LH320",0.0106305614081007
"LH321",0.0164791969735927
"LH322",0.0171538835512982
"LH323",0.00144363488820223
"LH324",0.10059523577116
"LH325",0
"LH326",0.00479186545415987
"LH327",0.0117116405521965
"LH328",0.00580130556958162
"LH329",0.0109950204425649
"LH330",0.00342953727263601
"LH331",0.0250291413083275
"LH332",0.0728243814960042
"LH333",0
"LH334",0.00901405164565231
"LH335",0.00882141860131253
"LH336",0.00700709916310919
"LH337",0.000337946390520898
"LH338",0.0162486102377314
"LH339",0.0142917820833268
"LH340",0.0717705870660438
"LH341",0.00110216942465281
"LH342",0.00799935585330799
"LH343",0.00353195882390146
"LH344",0.00948933809002262
"LH345",0.0177864265824019
"LH346",0.0256494257033796
"LH347",0.017399768300413
"LH348",0.0608285981561275
"LH349",0.00207947455903082
"LH350",3.08961997877368e-05
"LH351",0.000432180632045598
"LH352",0.0111573811554893
"LH353",0.00789230441050508
"LH354",0.0132249020569631
"LH355",7.09719205001348e-06
"LH356",0.0764782339999893
"LH357",0
"LH358",0.0103323979734632
"LH359",0.00422006659521348
"LH360",0.00738317080125997
"LH361",0.00430374129785456
"LH362",0.012561910049922
"LH363",0.000105022595442482
"LH364",0.145199409937478
"HL31",-3.53042890735586
"HL32",-11.539990077756
"HL33",-19.539990077756
"HL34",-27.537186610702
"HL35",-35.5035610052815
"HL36",-43.491130735733
"HL37",-51.4859224415273
"HL38",-59.4837064129419
"HL39",2.55659720852789e-05
"HL310",0.00206190332096083
"HL311",0.0077888369673505
"HL312",0.0355616921899195
"HL313",0.0281130043851555
"HL314",0.0374213062322408
"HL315",0.0674605255641723
"HL316",0.0487082493844191
"HL317",-0.00577014689124466
"HL318",-0.0216925483241771
"HL319",-0.0141690753390952
"HL320",-0.0151299160876439
"HL321",-0.0196147984341117
"HL322",-0.0217856544748132
"HL323",0.00159068383829064
"HL324",-0.0497811560960488
"HL325",0
"HL326",0.00479186545415987
"HL327",0.00508541351074731
"HL328",-0.0167077881843636
"HL329",-0.0320350474865205
"HL330",-0.0188963987378093
"HL331",-0.0253364801835768
"HL332",-0.0287922144746429
"HL333",0
"HL334",0.00950736107402474
"HL335",0.00348637560423696
"HL336",0.00986485455381279
"HL337",0.0571263766826458
"HL338",0.078481469357445
"HL339",0.062291200664971
"HL340",0.0441416270669431
"HL341",0.0121889771899425
"HL342",0.0212905024679033
"HL343",0.0636175306151781
"HL344",0.0552804062081217
"HL345",0.00595841677926197
"HL346",-0.0226821709279586
"HL347",-0.0259348183679648
"HL348",-0.00209714474063333
"HL349",-0.00280242106852081
"HL350",0.0150754313176598
"HL351",0.0131751675475809
"HL352",0.00590624206404512
"HL353",0.0326085981094974
"HL354",0.0547754891679319
"HL355",0.0227548767748273
"HL356",-0.00926393682899584
"HL357",0
"HL358",-0.00877356426448028
"HL359",-0.0291782432859811
"HL360",-0.0192940157670026
"HL361",-0.0118249247537167
"HL362",-0.00673354267349725
"HL363",0.00118076776023197
"HL364",-0.0323295586934753
"HH31",-2.00954648113403
"HH32",-2
"HH33",-2
"HH34",-1.99719653294602
"HH35",-1.99998347794888
"HH36",-1.98815567593023
"HH37",-1.99509150058466
"HH38",-1.98685224916727
"HH39",2.55659720852789e-05
"HH310",0.00198241385217844
"HH311",0.00154564586066883
"HH312",0.00602617330925433
"HH313",-0.000500389337544339
"HH314",-0.00703507534253386
"HH315",-0.00905439983306623
"HH316",0.00707913231224541
"HH317",-0.00577014689124466
"HH318",-0.0037520644008016
"HH319",0.00493308904909332
"HH320",-0.000713355000397084
"HH321",-0.00211216819699959
"HH322",0.00873544560187627
"HH323",-0.00144219716198583
"HH324",-0.00430595105938371
"HH325",0
"HH326",0.00479186545415987
"HH327",-0.0113857097259255
"HH328",-0.0054753747433106
"HH329",-0.0048928395798136
"HH330",-0.00274127942937187
"HH331",0.0093986287739544
"HH332",-0.0145408714164662
"HH333",0
"HH334",0.00868177808458181
"HH335",0.00418041934551087
"HH336",0.00146308769030809
"HH337",0.00033462634860101
"HH338",-0.000549771987216096
"HH339",0.0126889834023672
"HH340",-0.0315776018638683
"HH341",0.00110216942465281
"HH342",0.00799935585330799
"HH343",0.00353195882390146
"HH344",-0.00948933809002262
"HH345",-0.00563257755057259
"HH346",-0.0125905286527545
"HH347",0.0165094173671724
"HH348",0.00109957980475543
"HH349",0.00126981136727503
"HH350",-2.94251017871955e-05
"HH351",-0.000432180632045598
"HH352",-0.00603487326964731
"HH353",0.00789230441050508
"HH354",-0.00669496451202753
"HH355",-7.09719205001348e-06
"HH356",-0.0109370055526037
"HH357",0
"HH358",-0.00875807371861937
"HH359",-0.002876001380375
"HH360",0.00647051060546795
"HH361",-0.00369193654773478
"HH362",0.00861986818522462
"HH363",0.000103527105151995
"HH364",-0.0113242631115056
"LH41",4.00580641825339
"LH42",4.0158574209335
"LH43",4.05370644185736
"LH44",4.1641904002631
"LH45",0.0103571334435462
"LH46",0.0519850283340805
"LH47",0.0493397862878611
"LH48",0.164507429913244
"LH49",0.00947057995652802
"LH410",0.0292069923243179
"LH411",0.0732098971986013
"LH412",0.0948558753092433
"LH413",0.0145485487695075
"LH414",0.0255477779979399
"LH415",0.0361513650992565
"LH416",0.13653816017295
"HL41",-7.53419288872436
"HL42",-23.5191434614992
"HL43",-39.4947385004075
"HL44",-55.3117366758634
"HL45",-0.0113354148806309
"HL46",-0.0034899527664098
"HL47",-0.027902677943951
"HL48",0.0394741623998742
"HL49",0.0118199225113753
"HL410",0.00268241847815748
"HL411",0.0289834212809753
"HL412",0.0861209456375095
"HL413",-0.0103509951048305
"HL414",0.02873730537601
"HL415",0.00504158366452942
"HL416",0.0272914636538951
"HH41",-4.00377008090451
"HH42",-3.98694604612047
"HH43",-3.98137297026735
"HH44",-3.94392175646576
"HH45",-0.00556526798938629
"HH46",0.00798716149327793
"HH47",-0.00801852413395564
"HH48",0.00425840877041427
"HH49",-0.000369054678567225
"HH410",-0.0138059502694587
"HH411",0.0314399682551416
"HH412",-0.010383954006091
"HH413",-0.00419928811000387
"HH414",0.0131559095174854
"HH415",-0.0191122727851457
"HH416",0.0341780635537803
"LL41",7.5362803580174
"LL42",23.5637097514544
"LL43",39.6932488025658
"LL44",56.1421844411214
"LL45",0.0161272803347908
"LL46",0.133196020694226
"LL47",0.302412939835389
"LL48",0.659248735014732
"LL49",0.0216595571464705
"LL410",0.139953684807058
"LL411",0.35665526643422
"LL412",0.699396311227164
"LL413",0.0207002557643341
"LL414",0.0947317313412993
"LL415",0.227120173952891
"LL416",0.484094888321909
